runID,stateName,Hs,Tp,stateProbability,phaseSeed,split,faultName,severity,Bfault_NsPm,csvPath,expectedDamping_NsPm,estimatedDamping_NsPm,relativeDampingError,forceLawMaxError_N,forceLawRelativeError,powerConsistencyError_W,completed
1,State1_Calm,1.1,8.5,0.177993,1,train,healthy,1,1200000,C:\Users\Vissal\Downloads\New_WEC_Fault_detection\WEC-Sim\demostage\Matlab\reference_ar_hstp_project\dataset_reference_ideal\run00001_seed001_sev100_Hs110_Tp850.csv,1200000,1200000,2.71635750929515e-15,1.74622982740402e-09,2.72065118571263e-15,0,1
2,State1_Calm,1.1,8.5,0.177993,1,train,pto_damping_loss,0.8,960000,C:\Users\Vissal\Downloads\New_WEC_Fault_detection\WEC-Sim\demostage\Matlab\reference_ar_hstp_project\dataset_reference_ideal\run00002_seed001_sev080_Hs110_Tp850.csv,960000,959999.999999998,2.42531920472781e-15,1.33877620100975e-09,2.4778666575364e-15,0,1
3,State1_Calm,1.1,8.5,0.177993,1,train,pto_damping_loss,0.6,720000,C:\Users\Vissal\Downloads\New_WEC_Fault_detection\WEC-Sim\demostage\Matlab\reference_ar_hstp_project\dataset_reference_ideal\run00003_seed001_sev060_Hs110_Tp850.csv,720000,719999.999999997,4.36557456851006e-15,1.10594555735588e-09,2.59288545967041e-15,0,1
4,State1_Calm,1.1,8.5,0.177993,1,train,pto_damping_loss,0.4,480000,C:\Users\Vissal\Downloads\New_WEC_Fault_detection\WEC-Sim\demostage\Matlab\reference_ar_hstp_project\dataset_reference_ideal\run00004_seed001_sev040_Hs110_Tp850.csv,480000,479999.999999999,2.91038304567337e-15,9.89530235528946e-10,3.30875476739563e-15,0,1
5,State1_Calm,1.1,8.5,0.177993,1,train,pto_damping_loss,0.2,240000,C:\Users\Vissal\Downloads\New_WEC_Fault_detection\WEC-Sim\demostage\Matlab\reference_ar_hstp_project\dataset_reference_ideal\run00005_seed001_sev020_Hs110_Tp850.csv,240000,240000,9.70127681891124e-16,8.44011083245277e-10,5.15190723166763e-15,0,1
6,State1_Calm,1.1,8.5,0.177993,2,train,healthy,1,1200000,C:\Users\Vissal\Downloads\New_WEC_Fault_detection\WEC-Sim\demostage\Matlab\reference_ar_hstp_project\dataset_reference_ideal\run00006_seed002_sev100_Hs110_Tp850.csv,1200000,1200000,1.5522042910258e-15,1.39698386192322e-09,2.57295911250482e-15,0,1
7,State1_Calm,1.1,8.5,0.177993,2,train,pto_damping_loss,0.8,960000,C:\Users\Vissal\Downloads\New_WEC_Fault_detection\WEC-Sim\demostage\Matlab\reference_ar_hstp_project\dataset_reference_ideal\run00007_seed002_sev080_Hs110_Tp850.csv,960000,959999.999999998,1.94025536378225e-15,1.10594555735588e-09,2.43109032208824e-15,0,1
8,State1_Calm,1.1,8.5,0.177993,2,train,pto_damping_loss,0.6,720000,C:\Users\Vissal\Downloads\New_WEC_Fault_detection\WEC-Sim\demostage\Matlab\reference_ar_hstp_project\dataset_reference_ideal\run00008_seed002_sev060_Hs110_Tp850.csv,720000,719999.999999999,1.61687946981854e-15,1.04773789644241e-09,2.91798627814427e-15,0,1
9,State1_Calm,1.1,8.5,0.177993,2,train,pto_damping_loss,0.4,480000,C:\Users\Vissal\Downloads\New_WEC_Fault_detection\WEC-Sim\demostage\Matlab\reference_ar_hstp_project\dataset_reference_ideal\run00009_seed002_sev040_Hs110_Tp850.csv,480000,479999.999999999,2.66785112520059e-15,7.8580342233181e-10,3.07228169335415e-15,0,1
10,State1_Calm,1.1,8.5,0.177993,2,train,pto_damping_loss,0.2,240000,C:\Users\Vissal\Downloads\New_WEC_Fault_detection\WEC-Sim\demostage\Matlab\reference_ar_hstp_project\dataset_reference_ideal\run00010_seed002_sev020_Hs110_Tp850.csv,240000,239999.999999999,2.66785112520059e-15,7.27595761418343e-10,5.31342915967752e-15,0,1
11,State1_Calm,1.1,8.5,0.177993,3,train,healthy,1,1200000,C:\Users\Vissal\Downloads\New_WEC_Fault_detection\WEC-Sim\demostage\Matlab\reference_ar_hstp_project\dataset_reference_ideal\run00011_seed003_sev100_Hs110_Tp850.csv,1200000,1200000,2.71635750929515e-15,1.16415321826935e-09,2.41406802959732e-15,0,1
12,State1_Calm,1.1,8.5,0.177993,3,train,pto_damping_loss,0.8,960000,C:\Users\Vissal\Downloads\New_WEC_Fault_detection\WEC-Sim\demostage\Matlab\reference_ar_hstp_project\dataset_reference_ideal\run00012_seed003_sev080_Hs110_Tp850.csv,960000,959999.999999997,3.27418092638254e-15,9.89530235528946e-10,2.35693621308051e-15,0,1
13,State1_Calm,1.1,8.5,0.177993,3,train,pto_damping_loss,0.6,720000,C:\Users\Vissal\Downloads\New_WEC_Fault_detection\WEC-Sim\demostage\Matlab\reference_ar_hstp_project\dataset_reference_ideal\run00013_seed003_sev060_Hs110_Tp850.csv,720000,720000,4.85063840945562e-16,8.73114913702011e-10,2.53055060644565e-15,0,1
14,State1_Calm,1.1,8.5,0.177993,3,train,pto_damping_loss,0.4,480000,C:\Users\Vissal\Downloads\New_WEC_Fault_detection\WEC-Sim\demostage\Matlab\reference_ar_hstp_project\dataset_reference_ideal\run00014_seed003_sev040_Hs110_Tp850.csv,480000,480000,8.48861721654733e-16,7.42147676646709e-10,2.91818738607201e-15,0,1
15,State1_Calm,1.1,8.5,0.177993,3,train,pto_damping_loss,0.2,240000,C:\Users\Vissal\Downloads\New_WEC_Fault_detection\WEC-Sim\demostage\Matlab\reference_ar_hstp_project\dataset_reference_ideal\run00015_seed003_sev020_Hs110_Tp850.csv,240000,240000,1.09139364212751e-15,6.69388100504875e-10,4.7191022937868e-15,0,1
16,State1_Calm,1.1,8.5,0.177993,4,train,healthy,1,1200000,C:\Users\Vissal\Downloads\New_WEC_Fault_detection\WEC-Sim\demostage\Matlab\reference_ar_hstp_project\dataset_reference_ideal\run00016_seed004_sev100_Hs110_Tp850.csv,1200000,1200000,3.88051072756449e-16,1.51339918375015e-09,2.410282284866e-15,0,1
17,State1_Calm,1.1,8.5,0.177993,4,train,pto_damping_loss,0.8,960000,C:\Users\Vissal\Downloads\New_WEC_Fault_detection\WEC-Sim\demostage\Matlab\reference_ar_hstp_project\dataset_reference_ideal\run00017_seed004_sev080_Hs110_Tp850.csv,960000,959999.999999998,1.94025536378225e-15,1.33877620100975e-09,2.49178579207174e-15,0,1
18,State1_Calm,1.1,8.5,0.177993,4,train,pto_damping_loss,0.6,720000,C:\Users\Vissal\Downloads\New_WEC_Fault_detection\WEC-Sim\demostage\Matlab\reference_ar_hstp_project\dataset_reference_ideal\run00018_seed004_sev060_Hs110_Tp850.csv,720000,719999.999999998,2.58700715170966e-15,1.16415321826935e-09,2.65978929536898e-15,0,1
19,State1_Calm,1.1,8.5,0.177993,4,train,pto_damping_loss,0.4,480000,C:\Users\Vissal\Downloads\New_WEC_Fault_detection\WEC-Sim\demostage\Matlab\reference_ar_hstp_project\dataset_reference_ideal\run00019_seed004_sev040_Hs110_Tp850.csv,480000,479999.999999999,3.03164900590976e-15,9.89530235528946e-10,3.1050567133336e-15,0,1
20,State1_Calm,1.1,8.5,0.177993,4,train,pto_damping_loss,0.2,240000,C:\Users\Vissal\Downloads\New_WEC_Fault_detection\WEC-Sim\demostage\Matlab\reference_ar_hstp_project\dataset_reference_ideal\run00020_seed004_sev020_Hs110_Tp850.csv,240000,239999.999999999,4.97190436969201e-15,1.07684172689915e-09,5.86943573251677e-15,0,1
21,State1_Calm,1.1,8.5,0.177993,5,train,healthy,1,1200000,C:\Users\Vissal\Downloads\New_WEC_Fault_detection\WEC-Sim\demostage\Matlab\reference_ar_hstp_project\dataset_reference_ideal\run00021_seed005_sev100_Hs110_Tp850.csv,1200000,1200000,4.07453626394272e-15,1.62981450557709e-09,2.5305326983484e-15,0,1
22,State1_Calm,1.1,8.5,0.177993,5,train,pto_damping_loss,0.8,960000,C:\Users\Vissal\Downloads\New_WEC_Fault_detection\WEC-Sim\demostage\Matlab\reference_ar_hstp_project\dataset_reference_ideal\run00022_seed005_sev080_Hs110_Tp850.csv,960000,959999.999999997,2.78911708543698e-15,1.39698386192322e-09,2.52276845652036e-15,0,1
23,State1_Calm,1.1,8.5,0.177993,5,train,pto_damping_loss,0.6,720000,C:\Users\Vissal\Downloads\New_WEC_Fault_detection\WEC-Sim\demostage\Matlab\reference_ar_hstp_project\dataset_reference_ideal\run00023_seed005_sev060_Hs110_Tp850.csv,720000,720000,6.46751787927416e-16,1.16415321826935e-09,2.58723893714579e-15,0,1
24,State1_Calm,1.1,8.5,0.177993,5,train,pto_damping_loss,0.4,480000,C:\Users\Vissal\Downloads\New_WEC_Fault_detection\WEC-Sim\demostage\Matlab\reference_ar_hstp_project\dataset_reference_ideal\run00024_seed005_sev040_Hs110_Tp850.csv,480000,480000,6.06329801181952e-16,1.09139364212751e-09,3.32931798270055e-15,0,1
25,State1_Calm,1.1,8.5,0.177993,5,train,pto_damping_loss,0.2,240000,C:\Users\Vissal\Downloads\New_WEC_Fault_detection\WEC-Sim\demostage\Matlab\reference_ar_hstp_project\dataset_reference_ideal\run00025_seed005_sev020_Hs110_Tp850.csv,240000,239999.999999999,3.51671284685532e-15,1.13050191430375e-09,6.21328187116065e-15,0,1
26,State1_Calm,1.1,8.5,0.177993,6,train,healthy,1,1200000,C:\Users\Vissal\Downloads\New_WEC_Fault_detection\WEC-Sim\demostage\Matlab\reference_ar_hstp_project\dataset_reference_ideal\run00026_seed006_sev100_Hs110_Tp850.csv,1200000,1200000,3.68648519118627e-15,1.39698386192322e-09,2.29946907344221e-15,0,1
27,State1_Calm,1.1,8.5,0.177993,6,train,pto_damping_loss,0.8,960000,C:\Users\Vissal\Downloads\New_WEC_Fault_detection\WEC-Sim\demostage\Matlab\reference_ar_hstp_project\dataset_reference_ideal\run00027_seed006_sev080_Hs110_Tp850.csv,960000,959999.999999998,2.5465851649642e-15,1.28056854009628e-09,2.47479980869859e-15,0,1
28,State1_Calm,1.1,8.5,0.177993,6,train,pto_damping_loss,0.6,720000,C:\Users\Vissal\Downloads\New_WEC_Fault_detection\WEC-Sim\demostage\Matlab\reference_ar_hstp_project\dataset_reference_ideal\run00028_seed006_sev060_Hs110_Tp850.csv,720000,719999.999999999,8.0843973490927e-16,1.16415321826935e-09,2.81085056175179e-15,0,1
29,State1_Calm,1.1,8.5,0.177993,6,train,pto_damping_loss,0.4,480000,C:\Users\Vissal\Downloads\New_WEC_Fault_detection\WEC-Sim\demostage\Matlab\reference_ar_hstp_project\dataset_reference_ideal\run00029_seed006_sev040_Hs110_Tp850.csv,480000,479999.999999999,2.30405324449142e-15,9.31322574615479e-10,3.15322528019103e-15,0,1
30,State1_Calm,1.1,8.5,0.177993,6,train,pto_damping_loss,0.2,240000,C:\Users\Vissal\Downloads\New_WEC_Fault_detection\WEC-Sim\demostage\Matlab\reference_ar_hstp_project\dataset_reference_ideal\run00030_seed006_sev020_Hs110_Tp850.csv,240000,239999.999999999,3.03164900590976e-15,8.73114913702011e-10,5.51514203755075e-15,0,1
31,State1_Calm,1.1,8.5,0.177993,7,train,healthy,1,1200000,C:\Users\Vissal\Downloads\New_WEC_Fault_detection\WEC-Sim\demostage\Matlab\reference_ar_hstp_project\dataset_reference_ideal\run00031_seed007_sev100_Hs110_Tp850.csv,1200000,1199999.99999999,5.43271501859029e-15,1.22236087918282e-09,2.43325335472151e-15,0,1
32,State1_Calm,1.1,8.5,0.177993,7,train,pto_damping_loss,0.8,960000,C:\Users\Vissal\Downloads\New_WEC_Fault_detection\WEC-Sim\demostage\Matlab\reference_ar_hstp_project\dataset_reference_ideal\run00032_seed007_sev080_Hs110_Tp850.csv,960000,960000,4.85063840945562e-16,1.10594555735588e-09,2.58200402525002e-15,0,1
33,State1_Calm,1.1,8.5,0.177993,7,train,pto_damping_loss,0.6,720000,C:\Users\Vissal\Downloads\New_WEC_Fault_detection\WEC-Sim\demostage\Matlab\reference_ar_hstp_project\dataset_reference_ideal\run00033_seed007_sev060_Hs110_Tp850.csv,720000,720000.000000001,8.0843973490927e-16,9.31322574615479e-10,2.63853732881222e-15,0,1
34,State1_Calm,1.1,8.5,0.177993,7,train,pto_damping_loss,0.4,480000,C:\Users\Vissal\Downloads\New_WEC_Fault_detection\WEC-Sim\demostage\Matlab\reference_ar_hstp_project\dataset_reference_ideal\run00034_seed007_sev040_Hs110_Tp850.csv,480000,479999.999999998,4.36557456851006e-15,8.14907252788544e-10,3.07670761851192e-15,0,1
35,State1_Calm,1.1,8.5,0.177993,7,train,pto_damping_loss,0.2,240000,C:\Users\Vissal\Downloads\New_WEC_Fault_detection\WEC-Sim\demostage\Matlab\reference_ar_hstp_project\dataset_reference_ideal\run00035_seed007_sev020_Hs110_Tp850.csv,240000,239999.999999999,4.97190436969201e-15,6.40284270048141e-10,4.16681916947317e-15,0,1
36,State1_Calm,1.1,8.5,0.177993,8,train,healthy,1,1200000,C:\Users\Vissal\Downloads\New_WEC_Fault_detection\WEC-Sim\demostage\Matlab\reference_ar_hstp_project\dataset_reference_ideal\run00036_seed008_sev100_Hs110_Tp850.csv,1200000,1200000,2.71635750929515e-15,1.51339918375015e-09,2.44989856579285e-15,0,1
37,State1_Calm,1.1,8.5,0.177993,8,train,pto_damping_loss,0.8,960000,C:\Users\Vissal\Downloads\New_WEC_Fault_detection\WEC-Sim\demostage\Matlab\reference_ar_hstp_project\dataset_reference_ideal\run00037_seed008_sev080_Hs110_Tp850.csv,960000,959999.999999997,3.03164900590976e-15,1.39698386192322e-09,2.69159719204932e-15,0,1
38,State1_Calm,1.1,8.5,0.177993,8,train,pto_damping_loss,0.6,720000,C:\Users\Vissal\Downloads\New_WEC_Fault_detection\WEC-Sim\demostage\Matlab\reference_ar_hstp_project\dataset_reference_ideal\run00038_seed008_sev060_Hs110_Tp850.csv,720000,719999.999999998,2.58700715170966e-15,1.04773789644241e-09,2.55188670618762e-15,0,1
39,State1_Calm,1.1,8.5,0.177993,8,train,pto_damping_loss,0.4,480000,C:\Users\Vissal\Downloads\New_WEC_Fault_detection\WEC-Sim\demostage\Matlab\reference_ar_hstp_project\dataset_reference_ideal\run00039_seed008_sev040_Hs110_Tp850.csv,480000,479999.999999997,5.82076609134674e-15,7.8580342233181e-10,2.70061829124917e-15,0,1
40,State1_Calm,1.1,8.5,0.177993,8,train,pto_damping_loss,0.2,240000,C:\Users\Vissal\Downloads\New_WEC_Fault_detection\WEC-Sim\demostage\Matlab\reference_ar_hstp_project\dataset_reference_ideal\run00040_seed008_sev020_Hs110_Tp850.csv,240000,240000,8.48861721654733e-16,7.13043846189976e-10,4.54742776044748e-15,0,1
41,State1_Calm,1.1,8.5,0.177993,9,train,healthy,1,1200000,C:\Users\Vissal\Downloads\New_WEC_Fault_detection\WEC-Sim\demostage\Matlab\reference_ar_hstp_project\dataset_reference_ideal\run00041_seed009_sev100_Hs110_Tp850.csv,1200000,1200000,3.88051072756449e-16,1.51339918375015e-09,2.47635483922537e-15,0,1
42,State1_Calm,1.1,8.5,0.177993,9,train,pto_damping_loss,0.8,960000,C:\Users\Vissal\Downloads\New_WEC_Fault_detection\WEC-Sim\demostage\Matlab\reference_ar_hstp_project\dataset_reference_ideal\run00042_seed009_sev080_Hs110_Tp850.csv,960000,959999.999999996,3.7592447673281e-15,1.28056854009628e-09,2.4403037096679e-15,0,1
43,State1_Calm,1.1,8.5,0.177993,9,train,pto_damping_loss,0.6,720000,C:\Users\Vissal\Downloads\New_WEC_Fault_detection\WEC-Sim\demostage\Matlab\reference_ar_hstp_project\dataset_reference_ideal\run00043_seed009_sev060_Hs110_Tp850.csv,720000,719999.999999999,1.94025536378225e-15,1.04773789644241e-09,2.46907030947496e-15,0,1
44,State1_Calm,1.1,8.5,0.177993,9,train,pto_damping_loss,0.4,480000,C:\Users\Vissal\Downloads\New_WEC_Fault_detection\WEC-Sim\demostage\Matlab\reference_ar_hstp_project\dataset_reference_ideal\run00044_seed009_sev040_Hs110_Tp850.csv,480000,480000,4.85063840945562e-16,8.73114913702011e-10,2.84484823979525e-15,0,1
45,State1_Calm,1.1,8.5,0.177993,9,train,pto_damping_loss,0.2,240000,C:\Users\Vissal\Downloads\New_WEC_Fault_detection\WEC-Sim\demostage\Matlab\reference_ar_hstp_project\dataset_reference_ideal\run00045_seed009_sev020_Hs110_Tp850.csv,240000,240000,1.57645748307308e-15,9.16770659387112e-10,5.45767916430437e-15,0,1
46,State1_Calm,1.1,8.5,0.177993,10,train,healthy,1,1200000,C:\Users\Vissal\Downloads\New_WEC_Fault_detection\WEC-Sim\demostage\Matlab\reference_ar_hstp_project\dataset_reference_ideal\run00046_seed010_sev100_Hs110_Tp850.csv,1200000,1200000,1.5522042910258e-15,1.39698386192322e-09,2.43178696212281e-15,0,1
47,State1_Calm,1.1,8.5,0.177993,10,train,pto_damping_loss,0.8,960000,C:\Users\Vissal\Downloads\New_WEC_Fault_detection\WEC-Sim\demostage\Matlab\reference_ar_hstp_project\dataset_reference_ideal\run00047_seed010_sev080_Hs110_Tp850.csv,960000,959999.999999997,2.78911708543698e-15,1.16415321826935e-09,2.39539881245539e-15,0,1
48,State1_Calm,1.1,8.5,0.177993,10,train,pto_damping_loss,0.6,720000,C:\Users\Vissal\Downloads\New_WEC_Fault_detection\WEC-Sim\demostage\Matlab\reference_ar_hstp_project\dataset_reference_ideal\run00048_seed010_sev060_Hs110_Tp850.csv,720000,719999.999999998,2.26363125774595e-15,9.89530235528946e-10,2.56182607899448e-15,0,1
49,State1_Calm,1.1,8.5,0.177993,10,train,pto_damping_loss,0.4,480000,C:\Users\Vissal\Downloads\New_WEC_Fault_detection\WEC-Sim\demostage\Matlab\reference_ar_hstp_project\dataset_reference_ideal\run00049_seed010_sev040_Hs110_Tp850.csv,480000,479999.999999998,3.7592447673281e-15,8.14907252788544e-10,2.9681182313994e-15,0,1
50,State1_Calm,1.1,8.5,0.177993,10,train,pto_damping_loss,0.2,240000,C:\Users\Vissal\Downloads\New_WEC_Fault_detection\WEC-Sim\demostage\Matlab\reference_ar_hstp_project\dataset_reference_ideal\run00050_seed010_sev020_Hs110_Tp850.csv,240000,239999.999999999,2.42531920472781e-15,7.05767888575792e-10,4.80039149666777e-15,0,1
51,State1_Calm,1.1,8.5,0.177993,11,train,healthy,1,1200000,C:\Users\Vissal\Downloads\New_WEC_Fault_detection\WEC-Sim\demostage\Matlab\reference_ar_hstp_project\dataset_reference_ideal\run00051_seed011_sev100_Hs110_Tp850.csv,1200000,1199999.99999999,4.46258733669917e-15,1.39698386192322e-09,2.53779089309555e-15,0,1
52,State1_Calm,1.1,8.5,0.177993,11,train,pto_damping_loss,0.8,960000,C:\Users\Vissal\Downloads\New_WEC_Fault_detection\WEC-Sim\demostage\Matlab\reference_ar_hstp_project\dataset_reference_ideal\run00052_seed011_sev080_Hs110_Tp850.csv,960000,960000,1.2126596023639e-16,1.10594555735588e-09,2.3953467587174e-15,0,1
53,State1_Calm,1.1,8.5,0.177993,11,train,pto_damping_loss,0.6,720000,C:\Users\Vissal\Downloads\New_WEC_Fault_detection\WEC-Sim\demostage\Matlab\reference_ar_hstp_project\dataset_reference_ideal\run00053_seed011_sev060_Hs110_Tp850.csv,720000,719999.999999998,2.74869509869152e-15,9.89530235528946e-10,2.728825521289e-15,0,1
54,State1_Calm,1.1,8.5,0.177993,11,train,pto_damping_loss,0.4,480000,C:\Users\Vissal\Downloads\New_WEC_Fault_detection\WEC-Sim\demostage\Matlab\reference_ar_hstp_project\dataset_reference_ideal\run00054_seed011_sev040_Hs110_Tp850.csv,480000,479999.999999998,4.24430860827367e-15,7.8580342233181e-10,3.09896404919351e-15,0,1
55,State1_Calm,1.1,8.5,0.177993,11,train,pto_damping_loss,0.2,240000,C:\Users\Vissal\Downloads\New_WEC_Fault_detection\WEC-Sim\demostage\Matlab\reference_ar_hstp_project\dataset_reference_ideal\run00055_seed011_sev020_Hs110_Tp850.csv,240000,239999.999999999,4.12304264803727e-15,6.62112142890692e-10,4.70302450798836e-15,0,1
56,State1_Calm,1.1,8.5,0.177993,12,train,healthy,1,1200000,C:\Users\Vissal\Downloads\New_WEC_Fault_detection\WEC-Sim\demostage\Matlab\reference_ar_hstp_project\dataset_reference_ideal\run00056_seed012_sev100_Hs110_Tp850.csv,1200000,1200000,1.74622982740402e-15,1.74622982740402e-09,2.75590036107869e-15,0,1
57,State1_Calm,1.1,8.5,0.177993,12,train,pto_damping_loss,0.8,960000,C:\Users\Vissal\Downloads\New_WEC_Fault_detection\WEC-Sim\demostage\Matlab\reference_ar_hstp_project\dataset_reference_ideal\run00057_seed012_sev080_Hs110_Tp850.csv,960000,959999.999999998,1.94025536378225e-15,1.39698386192322e-09,2.61395986447975e-15,0,1
58,State1_Calm,1.1,8.5,0.177993,12,train,pto_damping_loss,0.6,720000,C:\Users\Vissal\Downloads\New_WEC_Fault_detection\WEC-Sim\demostage\Matlab\reference_ar_hstp_project\dataset_reference_ideal\run00058_seed012_sev060_Hs110_Tp850.csv,720000,719999.999999998,3.23375893963708e-15,1.04773789644241e-09,2.48080210180595e-15,0,1
59,State1_Calm,1.1,8.5,0.177993,12,train,pto_damping_loss,0.4,480000,C:\Users\Vissal\Downloads\New_WEC_Fault_detection\WEC-Sim\demostage\Matlab\reference_ar_hstp_project\dataset_reference_ideal\run00059_seed012_sev040_Hs110_Tp850.csv,480000,479999.999999998,4.12304264803727e-15,8.44011083245277e-10,2.8512234610795e-15,0,1
60,State1_Calm,1.1,8.5,0.177993,12,train,pto_damping_loss,0.2,240000,C:\Users\Vissal\Downloads\New_WEC_Fault_detection\WEC-Sim\demostage\Matlab\reference_ar_hstp_project\dataset_reference_ideal\run00060_seed012_sev020_Hs110_Tp850.csv,240000,239999.999999999,3.15291496614615e-15,7.8580342233181e-10,5.07847065630658e-15,0,1
61,State1_Calm,1.1,8.5,0.177993,13,validation,healthy,1,1200000,C:\Users\Vissal\Downloads\New_WEC_Fault_detection\WEC-Sim\demostage\Matlab\reference_ar_hstp_project\dataset_reference_ideal\run00061_seed013_sev100_Hs110_Tp850.csv,1200000,1200000,1.94025536378225e-15,1.39698386192322e-09,2.33638851765399e-15,0,1
62,State1_Calm,1.1,8.5,0.177993,13,validation,pto_damping_loss,0.8,960000,C:\Users\Vissal\Downloads\New_WEC_Fault_detection\WEC-Sim\demostage\Matlab\reference_ar_hstp_project\dataset_reference_ideal\run00062_seed013_sev080_Hs110_Tp850.csv,960000,959999.999999999,1.09139364212751e-15,1.22236087918282e-09,2.41365716840456e-15,0,1
63,State1_Calm,1.1,8.5,0.177993,13,validation,pto_damping_loss,0.6,720000,C:\Users\Vissal\Downloads\New_WEC_Fault_detection\WEC-Sim\demostage\Matlab\reference_ar_hstp_project\dataset_reference_ideal\run00063_seed013_sev060_Hs110_Tp850.csv,720000,719999.999999999,1.61687946981854e-15,9.89530235528946e-10,2.46059745078859e-15,0,1
64,State1_Calm,1.1,8.5,0.177993,13,validation,pto_damping_loss,0.4,480000,C:\Users\Vissal\Downloads\New_WEC_Fault_detection\WEC-Sim\demostage\Matlab\reference_ar_hstp_project\dataset_reference_ideal\run00064_seed013_sev040_Hs110_Tp850.csv,480000,479999.999999999,1.33392556260029e-15,8.44011083245277e-10,2.98714788733798e-15,0,1
65,State1_Calm,1.1,8.5,0.177993,13,validation,pto_damping_loss,0.2,240000,C:\Users\Vissal\Downloads\New_WEC_Fault_detection\WEC-Sim\demostage\Matlab\reference_ar_hstp_project\dataset_reference_ideal\run00065_seed013_sev020_Hs110_Tp850.csv,240000,239999.999999999,2.91038304567337e-15,7.42147676646709e-10,5.02723978463645e-15,0,1
66,State1_Calm,1.1,8.5,0.177993,14,validation,healthy,1,1200000,C:\Users\Vissal\Downloads\New_WEC_Fault_detection\WEC-Sim\demostage\Matlab\reference_ar_hstp_project\dataset_reference_ideal\run00066_seed014_sev100_Hs110_Tp850.csv,1200000,1200000,2.91038304567337e-15,1.45519152283669e-09,2.49572970167309e-15,0,1
67,State1_Calm,1.1,8.5,0.177993,14,validation,pto_damping_loss,0.8,960000,C:\Users\Vissal\Downloads\New_WEC_Fault_detection\WEC-Sim\demostage\Matlab\reference_ar_hstp_project\dataset_reference_ideal\run00067_seed014_sev080_Hs110_Tp850.csv,960000,960000,0,1.22236087918282e-09,2.45732848184019e-15,0,1
68,State1_Calm,1.1,8.5,0.177993,14,validation,pto_damping_loss,0.6,720000,C:\Users\Vissal\Downloads\New_WEC_Fault_detection\WEC-Sim\demostage\Matlab\reference_ar_hstp_project\dataset_reference_ideal\run00068_seed014_sev060_Hs110_Tp850.csv,720000,719999.999999998,3.39544688661893e-15,1.16415321826935e-09,2.91053204451667e-15,0,1
69,State1_Calm,1.1,8.5,0.177993,14,validation,pto_damping_loss,0.4,480000,C:\Users\Vissal\Downloads\New_WEC_Fault_detection\WEC-Sim\demostage\Matlab\reference_ar_hstp_project\dataset_reference_ideal\run00069_seed014_sev040_Hs110_Tp850.csv,480000,479999.999999998,4.00177668780088e-15,8.14907252788544e-10,2.82748319133898e-15,0,1
70,State1_Calm,1.1,8.5,0.177993,14,validation,pto_damping_loss,0.2,240000,C:\Users\Vissal\Downloads\New_WEC_Fault_detection\WEC-Sim\demostage\Matlab\reference_ar_hstp_project\dataset_reference_ideal\run00070_seed014_sev020_Hs110_Tp850.csv,240000,240000,2.06152132401864e-15,1.04046193882823e-09,6.60773441955524e-15,0,1
71,State1_Calm,1.1,8.5,0.177993,15,validation,healthy,1,1200000,C:\Users\Vissal\Downloads\New_WEC_Fault_detection\WEC-Sim\demostage\Matlab\reference_ar_hstp_project\dataset_reference_ideal\run00071_seed015_sev100_Hs110_Tp850.csv,1200000,1200000,3.68648519118627e-15,1.51339918375015e-09,2.3989700608979e-15,0,1
72,State1_Calm,1.1,8.5,0.177993,15,validation,pto_damping_loss,0.8,960000,C:\Users\Vissal\Downloads\New_WEC_Fault_detection\WEC-Sim\demostage\Matlab\reference_ar_hstp_project\dataset_reference_ideal\run00072_seed015_sev080_Hs110_Tp850.csv,960000,959999.999999999,1.09139364212751e-15,1.39698386192322e-09,2.57449871403581e-15,0,1
73,State1_Calm,1.1,8.5,0.177993,15,validation,pto_damping_loss,0.6,720000,C:\Users\Vissal\Downloads\New_WEC_Fault_detection\WEC-Sim\demostage\Matlab\reference_ar_hstp_project\dataset_reference_ideal\run00073_seed015_sev060_Hs110_Tp850.csv,720000,720000,3.23375893963708e-16,1.10594555735588e-09,2.49706153383268e-15,0,1
74,State1_Calm,1.1,8.5,0.177993,15,validation,pto_damping_loss,0.4,480000,C:\Users\Vissal\Downloads\New_WEC_Fault_detection\WEC-Sim\demostage\Matlab\reference_ar_hstp_project\dataset_reference_ideal\run00074_seed015_sev040_Hs110_Tp850.csv,480000,479999.999999999,2.18278728425503e-15,1.08775566332042e-09,3.36767951520912e-15,0,1
75,State1_Calm,1.1,8.5,0.177993,15,validation,pto_damping_loss,0.2,240000,C:\Users\Vissal\Downloads\New_WEC_Fault_detection\WEC-Sim\demostage\Matlab\reference_ar_hstp_project\dataset_reference_ideal\run00075_seed015_sev020_Hs110_Tp850.csv,240000,240000,1.57645748307308e-15,1.00408215075731e-09,5.62416562594724e-15,0,1
76,State1_Calm,1.1,8.5,0.177993,16,validation,healthy,1,1200000,C:\Users\Vissal\Downloads\New_WEC_Fault_detection\WEC-Sim\demostage\Matlab\reference_ar_hstp_project\dataset_reference_ideal\run00076_seed016_sev100_Hs110_Tp850.csv,1200000,1200000,3.88051072756449e-16,1.51339918375015e-09,2.44471410423513e-15,0,1
77,State1_Calm,1.1,8.5,0.177993,16,validation,pto_damping_loss,0.8,960000,C:\Users\Vissal\Downloads\New_WEC_Fault_detection\WEC-Sim\demostage\Matlab\reference_ar_hstp_project\dataset_reference_ideal\run00077_seed016_sev080_Hs110_Tp850.csv,960000,959999.999999998,2.18278728425503e-15,1.39698386192322e-09,2.61487836318335e-15,0,1
78,State1_Calm,1.1,8.5,0.177993,16,validation,pto_damping_loss,0.6,720000,C:\Users\Vissal\Downloads\New_WEC_Fault_detection\WEC-Sim\demostage\Matlab\reference_ar_hstp_project\dataset_reference_ideal\run00078_seed016_sev060_Hs110_Tp850.csv,720000,719999.999999997,4.68895046247376e-15,1.10594555735588e-09,2.53326848242453e-15,0,1
79,State1_Calm,1.1,8.5,0.177993,16,validation,pto_damping_loss,0.4,480000,C:\Users\Vissal\Downloads\New_WEC_Fault_detection\WEC-Sim\demostage\Matlab\reference_ar_hstp_project\dataset_reference_ideal\run00079_seed016_sev040_Hs110_Tp850.csv,480000,479999.999999999,2.5465851649642e-15,1.17870513349771e-09,3.67782390442156e-15,0,1
80,State1_Calm,1.1,8.5,0.177993,16,validation,pto_damping_loss,0.2,240000,C:\Users\Vissal\Downloads\New_WEC_Fault_detection\WEC-Sim\demostage\Matlab\reference_ar_hstp_project\dataset_reference_ideal\run00080_seed016_sev020_Hs110_Tp850.csv,240000,239999.999999999,3.15291496614615e-15,8.58562998473644e-10,4.77640671727347e-15,0,1
81,State1_Calm,1.1,8.5,0.177993,17,test,healthy,1,1200000,C:\Users\Vissal\Downloads\New_WEC_Fault_detection\WEC-Sim\demostage\Matlab\reference_ar_hstp_project\dataset_reference_ideal\run00081_seed017_sev100_Hs110_Tp850.csv,1200000,1200000,1.74622982740402e-15,1.51339918375015e-09,2.38248644177508e-15,0,1
82,State1_Calm,1.1,8.5,0.177993,17,test,pto_damping_loss,0.8,960000,C:\Users\Vissal\Downloads\New_WEC_Fault_detection\WEC-Sim\demostage\Matlab\reference_ar_hstp_project\dataset_reference_ideal\run00082_seed017_sev080_Hs110_Tp850.csv,960000,959999.999999999,1.2126596023639e-15,1.39698386192322e-09,2.61074350279909e-15,0,1
83,State1_Calm,1.1,8.5,0.177993,17,test,pto_damping_loss,0.6,720000,C:\Users\Vissal\Downloads\New_WEC_Fault_detection\WEC-Sim\demostage\Matlab\reference_ar_hstp_project\dataset_reference_ideal\run00083_seed017_sev060_Hs110_Tp850.csv,720000,719999.999999997,3.88051072756449e-15,1.22236087918282e-09,2.8851329556433e-15,0,1
84,State1_Calm,1.1,8.5,0.177993,17,test,pto_damping_loss,0.4,480000,C:\Users\Vissal\Downloads\New_WEC_Fault_detection\WEC-Sim\demostage\Matlab\reference_ar_hstp_project\dataset_reference_ideal\run00084_seed017_sev040_Hs110_Tp850.csv,480000,480000,2.42531920472781e-16,8.44011083245277e-10,2.83229552560464e-15,0,1
85,State1_Calm,1.1,8.5,0.177993,17,test,pto_damping_loss,0.2,240000,C:\Users\Vissal\Downloads\New_WEC_Fault_detection\WEC-Sim\demostage\Matlab\reference_ar_hstp_project\dataset_reference_ideal\run00085_seed017_sev020_Hs110_Tp850.csv,240000,239999.999999999,3.63797880709171e-15,6.98491930961609e-10,4.42925943705777e-15,0,1
86,State1_Calm,1.1,8.5,0.177993,18,test,healthy,1,1200000,C:\Users\Vissal\Downloads\New_WEC_Fault_detection\WEC-Sim\demostage\Matlab\reference_ar_hstp_project\dataset_reference_ideal\run00086_seed018_sev100_Hs110_Tp850.csv,1200000,1200000,3.68648519118627e-15,1.39698386192322e-09,2.56864899859255e-15,0,1
87,State1_Calm,1.1,8.5,0.177993,18,test,pto_damping_loss,0.8,960000,C:\Users\Vissal\Downloads\New_WEC_Fault_detection\WEC-Sim\demostage\Matlab\reference_ar_hstp_project\dataset_reference_ideal\run00087_seed018_sev080_Hs110_Tp850.csv,960000,959999.999999998,1.94025536378225e-15,1.16415321826935e-09,2.53065310385142e-15,0,1
88,State1_Calm,1.1,8.5,0.177993,18,test,pto_damping_loss,0.6,720000,C:\Users\Vissal\Downloads\New_WEC_Fault_detection\WEC-Sim\demostage\Matlab\reference_ar_hstp_project\dataset_reference_ideal\run00088_seed018_sev060_Hs110_Tp850.csv,720000,719999.999999996,5.33570225040118e-15,1.10594555735588e-09,2.96688724641667e-15,0,1
89,State1_Calm,1.1,8.5,0.177993,18,test,pto_damping_loss,0.4,480000,C:\Users\Vissal\Downloads\New_WEC_Fault_detection\WEC-Sim\demostage\Matlab\reference_ar_hstp_project\dataset_reference_ideal\run00089_seed018_sev040_Hs110_Tp850.csv,480000,479999.999999999,1.69772344330947e-15,7.56699591875076e-10,2.80167193784552e-15,0,1
90,State1_Calm,1.1,8.5,0.177993,18,test,pto_damping_loss,0.2,240000,C:\Users\Vissal\Downloads\New_WEC_Fault_detection\WEC-Sim\demostage\Matlab\reference_ar_hstp_project\dataset_reference_ideal\run00090_seed018_sev020_Hs110_Tp850.csv,240000,239999.999999999,3.15291496614615e-15,6.69388100504875e-10,4.53109192690377e-15,0,1
91,State1_Calm,1.1,8.5,0.177993,19,test,healthy,1,1200000,C:\Users\Vissal\Downloads\New_WEC_Fault_detection\WEC-Sim\demostage\Matlab\reference_ar_hstp_project\dataset_reference_ideal\run00091_seed019_sev100_Hs110_Tp850.csv,1200000,1200000,1.35817875464757e-15,1.22236087918282e-09,2.43029734064817e-15,0,1
92,State1_Calm,1.1,8.5,0.177993,19,test,pto_damping_loss,0.8,960000,C:\Users\Vissal\Downloads\New_WEC_Fault_detection\WEC-Sim\demostage\Matlab\reference_ar_hstp_project\dataset_reference_ideal\run00092_seed019_sev080_Hs110_Tp850.csv,960000,959999.999999999,7.27595761418343e-16,1.04773789644241e-09,2.45864401926232e-15,0,1
93,State1_Calm,1.1,8.5,0.177993,19,test,pto_damping_loss,0.6,720000,C:\Users\Vissal\Downloads\New_WEC_Fault_detection\WEC-Sim\demostage\Matlab\reference_ar_hstp_project\dataset_reference_ideal\run00093_seed019_sev060_Hs110_Tp850.csv,720000,719999.999999998,2.91038304567337e-15,9.31322574615479e-10,2.69588460845543e-15,0,1
94,State1_Calm,1.1,8.5,0.177993,19,test,pto_damping_loss,0.4,480000,C:\Users\Vissal\Downloads\New_WEC_Fault_detection\WEC-Sim\demostage\Matlab\reference_ar_hstp_project\dataset_reference_ideal\run00094_seed019_sev040_Hs110_Tp850.csv,480000,480000,9.70127681891124e-16,7.8580342233181e-10,3.15910227707366e-15,0,1
95,State1_Calm,1.1,8.5,0.177993,19,test,pto_damping_loss,0.2,240000,C:\Users\Vissal\Downloads\New_WEC_Fault_detection\WEC-Sim\demostage\Matlab\reference_ar_hstp_project\dataset_reference_ideal\run00095_seed019_sev020_Hs110_Tp850.csv,240000,239999.999999999,2.5465851649642e-15,7.33166416466702e-10,5.46484370884178e-15,0,1
96,State1_Calm,1.1,8.5,0.177993,20,test,healthy,1,1200000,C:\Users\Vissal\Downloads\New_WEC_Fault_detection\WEC-Sim\demostage\Matlab\reference_ar_hstp_project\dataset_reference_ideal\run00096_seed020_sev100_Hs110_Tp850.csv,1200000,1200000,1.5522042910258e-15,1.51339918375015e-09,2.54956177735816e-15,0,1
97,State1_Calm,1.1,8.5,0.177993,20,test,pto_damping_loss,0.8,960000,C:\Users\Vissal\Downloads\New_WEC_Fault_detection\WEC-Sim\demostage\Matlab\reference_ar_hstp_project\dataset_reference_ideal\run00097_seed020_sev080_Hs110_Tp850.csv,960000,959999.999999998,2.30405324449142e-15,1.28056854009628e-09,2.52706169240135e-15,0,1
98,State1_Calm,1.1,8.5,0.177993,20,test,pto_damping_loss,0.6,720000,C:\Users\Vissal\Downloads\New_WEC_Fault_detection\WEC-Sim\demostage\Matlab\reference_ar_hstp_project\dataset_reference_ideal\run00098_seed020_sev060_Hs110_Tp850.csv,720000,720000,4.85063840945562e-16,1.10594555735588e-09,2.72030567367243e-15,0,1
99,State1_Calm,1.1,8.5,0.177993,20,test,pto_damping_loss,0.4,480000,C:\Users\Vissal\Downloads\New_WEC_Fault_detection\WEC-Sim\demostage\Matlab\reference_ar_hstp_project\dataset_reference_ideal\run00099_seed020_sev040_Hs110_Tp850.csv,480000,479999.999999999,2.5465851649642e-15,9.60426405072212e-10,3.2618521757943e-15,0,1
100,State1_Calm,1.1,8.5,0.177993,20,test,pto_damping_loss,0.2,240000,C:\Users\Vissal\Downloads\New_WEC_Fault_detection\WEC-Sim\demostage\Matlab\reference_ar_hstp_project\dataset_reference_ideal\run00100_seed020_sev020_Hs110_Tp850.csv,240000,239999.999999999,2.66785112520059e-15,8.29459168016911e-10,5.15022842905277e-15,0,1
101,State2_Mild,1.5,6,0.248189,1,train,healthy,1,1200000,C:\Users\Vissal\Downloads\New_WEC_Fault_detection\WEC-Sim\demostage\Matlab\reference_ar_hstp_project\dataset_reference_ideal\run00101_seed001_sev100_Hs150_Tp600.csv,1200000,1200000,2.3283064365387e-15,1.86264514923096e-09,2.62159564398077e-15,0,1
102,State2_Mild,1.5,6,0.248189,1,train,pto_damping_loss,0.8,960000,C:\Users\Vissal\Downloads\New_WEC_Fault_detection\WEC-Sim\demostage\Matlab\reference_ar_hstp_project\dataset_reference_ideal\run00102_seed001_sev080_Hs150_Tp600.csv,960000,959999.999999998,1.69772344330947e-15,1.74622982740402e-09,2.75146461478237e-15,0,1
103,State2_Mild,1.5,6,0.248189,1,train,pto_damping_loss,0.6,720000,C:\Users\Vissal\Downloads\New_WEC_Fault_detection\WEC-Sim\demostage\Matlab\reference_ar_hstp_project\dataset_reference_ideal\run00103_seed001_sev060_Hs150_Tp600.csv,720000,719999.999999998,2.91038304567337e-15,1.62981450557709e-09,3.02486759301216e-15,0,1
104,State2_Mild,1.5,6,0.248189,1,train,pto_damping_loss,0.4,480000,C:\Users\Vissal\Downloads\New_WEC_Fault_detection\WEC-Sim\demostage\Matlab\reference_ar_hstp_project\dataset_reference_ideal\run00104_seed001_sev040_Hs150_Tp600.csv,480000,479999.999999999,2.42531920472781e-15,1.38243194669485e-09,3.35812257487577e-15,0,1
105,State2_Mild,1.5,6,0.248189,1,train,pto_damping_loss,0.2,240000,C:\Users\Vissal\Downloads\New_WEC_Fault_detection\WEC-Sim\demostage\Matlab\reference_ar_hstp_project\dataset_reference_ideal\run00105_seed001_sev020_Hs150_Tp600.csv,240000,239999.999999999,2.78911708543698e-15,1.39698386192322e-09,5.79147549614608e-15,0,1
106,State2_Mild,1.5,6,0.248189,2,train,healthy,1,1200000,C:\Users\Vissal\Downloads\New_WEC_Fault_detection\WEC-Sim\demostage\Matlab\reference_ar_hstp_project\dataset_reference_ideal\run00106_seed002_sev100_Hs150_Tp600.csv,1200000,1200000,1.94025536378225e-15,1.97906047105789e-09,2.60030675719259e-15,0,1
107,State2_Mild,1.5,6,0.248189,2,train,pto_damping_loss,0.8,960000,C:\Users\Vissal\Downloads\New_WEC_Fault_detection\WEC-Sim\demostage\Matlab\reference_ar_hstp_project\dataset_reference_ideal\run00107_seed002_sev080_Hs150_Tp600.csv,960000,959999.999999998,1.81898940354586e-15,1.74622982740402e-09,2.6077506823362e-15,0,1
108,State2_Mild,1.5,6,0.248189,2,train,pto_damping_loss,0.6,720000,C:\Users\Vissal\Downloads\New_WEC_Fault_detection\WEC-Sim\demostage\Matlab\reference_ar_hstp_project\dataset_reference_ideal\run00108_seed002_sev060_Hs150_Tp600.csv,720000,719999.999999999,1.45519152283669e-15,1.51339918375015e-09,2.69976454400302e-15,0,1
109,State2_Mild,1.5,6,0.248189,2,train,pto_damping_loss,0.4,480000,C:\Users\Vissal\Downloads\New_WEC_Fault_detection\WEC-Sim\demostage\Matlab\reference_ar_hstp_project\dataset_reference_ideal\run00109_seed002_sev040_Hs150_Tp600.csv,480000,479999.999999998,4.36557456851006e-15,1.4915713109076e-09,3.49781340976964e-15,0,1
110,State2_Mild,1.5,6,0.248189,2,train,pto_damping_loss,0.2,240000,C:\Users\Vissal\Downloads\New_WEC_Fault_detection\WEC-Sim\demostage\Matlab\reference_ar_hstp_project\dataset_reference_ideal\run00110_seed002_sev020_Hs150_Tp600.csv,240000,240000,1.2126596023639e-15,1.42608769237995e-09,5.62900091682935e-15,0,1
111,State2_Mild,1.5,6,0.248189,3,train,healthy,1,1200000,C:\Users\Vissal\Downloads\New_WEC_Fault_detection\WEC-Sim\demostage\Matlab\reference_ar_hstp_project\dataset_reference_ideal\run00111_seed003_sev100_Hs150_Tp600.csv,1200000,1200000,5.82076609134674e-16,2.21189111471176e-09,2.69108074039342e-15,0,1
112,State2_Mild,1.5,6,0.248189,3,train,pto_damping_loss,0.8,960000,C:\Users\Vissal\Downloads\New_WEC_Fault_detection\WEC-Sim\demostage\Matlab\reference_ar_hstp_project\dataset_reference_ideal\run00112_seed003_sev080_Hs150_Tp600.csv,960000,959999.999999997,2.66785112520059e-15,1.86264514923096e-09,2.49624072275054e-15,0,1
113,State2_Mild,1.5,6,0.248189,3,train,pto_damping_loss,0.6,720000,C:\Users\Vissal\Downloads\New_WEC_Fault_detection\WEC-Sim\demostage\Matlab\reference_ar_hstp_project\dataset_reference_ideal\run00113_seed003_sev060_Hs150_Tp600.csv,720000,719999.999999999,1.45519152283669e-15,1.74622982740402e-09,2.70003483084041e-15,0,1
114,State2_Mild,1.5,6,0.248189,3,train,pto_damping_loss,0.4,480000,C:\Users\Vissal\Downloads\New_WEC_Fault_detection\WEC-Sim\demostage\Matlab\reference_ar_hstp_project\dataset_reference_ideal\run00114_seed003_sev040_Hs150_Tp600.csv,480000,479999.999999999,1.94025536378225e-15,1.57160684466362e-09,3.08621158807396e-15,0,1
115,State2_Mild,1.5,6,0.248189,3,train,pto_damping_loss,0.2,240000,C:\Users\Vissal\Downloads\New_WEC_Fault_detection\WEC-Sim\demostage\Matlab\reference_ar_hstp_project\dataset_reference_ideal\run00115_seed003_sev020_Hs150_Tp600.csv,240000,239999.999999999,2.5465851649642e-15,2.12457962334156e-09,6.93291779946308e-15,0,1
116,State2_Mild,1.5,6,0.248189,4,train,healthy,1,1200000,C:\Users\Vissal\Downloads\New_WEC_Fault_detection\WEC-Sim\demostage\Matlab\reference_ar_hstp_project\dataset_reference_ideal\run00116_seed004_sev100_Hs150_Tp600.csv,1200000,1200000,3.29843411842982e-15,1.97906047105789e-09,2.65163398680175e-15,0,1
117,State2_Mild,1.5,6,0.248189,4,train,pto_damping_loss,0.8,960000,C:\Users\Vissal\Downloads\New_WEC_Fault_detection\WEC-Sim\demostage\Matlab\reference_ar_hstp_project\dataset_reference_ideal\run00117_seed004_sev080_Hs150_Tp600.csv,960000,959999.999999998,1.94025536378225e-15,1.86264514923096e-09,2.74104928192967e-15,0,1
118,State2_Mild,1.5,6,0.248189,4,train,pto_damping_loss,0.6,720000,C:\Users\Vissal\Downloads\New_WEC_Fault_detection\WEC-Sim\demostage\Matlab\reference_ar_hstp_project\dataset_reference_ideal\run00118_seed004_sev060_Hs150_Tp600.csv,720000,719999.999999997,3.71882278058264e-15,1.51339918375015e-09,2.56794454253436e-15,0,1
119,State2_Mild,1.5,6,0.248189,4,train,pto_damping_loss,0.4,480000,C:\Users\Vissal\Downloads\New_WEC_Fault_detection\WEC-Sim\demostage\Matlab\reference_ar_hstp_project\dataset_reference_ideal\run00119_seed004_sev040_Hs150_Tp600.csv,480000,480000,1.2126596023639e-16,1.28056854009628e-09,2.77331464948096e-15,0,1
120,State2_Mild,1.5,6,0.248189,4,train,pto_damping_loss,0.2,240000,C:\Users\Vissal\Downloads\New_WEC_Fault_detection\WEC-Sim\demostage\Matlab\reference_ar_hstp_project\dataset_reference_ideal\run00120_seed004_sev020_Hs150_Tp600.csv,240000,239999.999999999,3.63797880709171e-15,1.27693056128919e-09,4.64310807001323e-15,0,1
121,State2_Mild,1.5,6,0.248189,5,train,healthy,1,1200000,C:\Users\Vissal\Downloads\New_WEC_Fault_detection\WEC-Sim\demostage\Matlab\reference_ar_hstp_project\dataset_reference_ideal\run00121_seed005_sev100_Hs150_Tp600.csv,1200000,1200000,9.70127681891124e-16,1.86264514923096e-09,2.57799875235278e-15,0,1
122,State2_Mild,1.5,6,0.248189,5,train,pto_damping_loss,0.8,960000,C:\Users\Vissal\Downloads\New_WEC_Fault_detection\WEC-Sim\demostage\Matlab\reference_ar_hstp_project\dataset_reference_ideal\run00122_seed005_sev080_Hs150_Tp600.csv,960000,959999.999999997,2.66785112520059e-15,1.86264514923096e-09,2.86492458055888e-15,0,1
123,State2_Mild,1.5,6,0.248189,5,train,pto_damping_loss,0.6,720000,C:\Users\Vissal\Downloads\New_WEC_Fault_detection\WEC-Sim\demostage\Matlab\reference_ar_hstp_project\dataset_reference_ideal\run00123_seed005_sev060_Hs150_Tp600.csv,720000,719999.999999999,1.94025536378225e-15,1.45519152283669e-09,2.61767556666119e-15,0,1
124,State2_Mild,1.5,6,0.248189,5,train,pto_damping_loss,0.4,480000,C:\Users\Vissal\Downloads\New_WEC_Fault_detection\WEC-Sim\demostage\Matlab\reference_ar_hstp_project\dataset_reference_ideal\run00124_seed005_sev040_Hs150_Tp600.csv,480000,479999.999999998,4.36557456851006e-15,1.44063960760832e-09,3.36743457087633e-15,0,1
125,State2_Mild,1.5,6,0.248189,5,train,pto_damping_loss,0.2,240000,C:\Users\Vissal\Downloads\New_WEC_Fault_detection\WEC-Sim\demostage\Matlab\reference_ar_hstp_project\dataset_reference_ideal\run00125_seed005_sev020_Hs150_Tp600.csv,240000,239999.999999999,3.51671284685532e-15,1.41517375595868e-09,5.65837050612288e-15,0,1
126,State2_Mild,1.5,6,0.248189,6,train,healthy,1,1200000,C:\Users\Vissal\Downloads\New_WEC_Fault_detection\WEC-Sim\demostage\Matlab\reference_ar_hstp_project\dataset_reference_ideal\run00126_seed006_sev100_Hs150_Tp600.csv,1200000,1199999.99999999,4.46258733669917e-15,2.09547579288483e-09,2.66423636492451e-15,0,1
127,State2_Mild,1.5,6,0.248189,6,train,pto_damping_loss,0.8,960000,C:\Users\Vissal\Downloads\New_WEC_Fault_detection\WEC-Sim\demostage\Matlab\reference_ar_hstp_project\dataset_reference_ideal\run00127_seed006_sev080_Hs150_Tp600.csv,960000,959999.999999999,6.06329801181952e-16,1.92085281014442e-09,2.75546297746592e-15,0,1
128,State2_Mild,1.5,6,0.248189,6,train,pto_damping_loss,0.6,720000,C:\Users\Vissal\Downloads\New_WEC_Fault_detection\WEC-Sim\demostage\Matlab\reference_ar_hstp_project\dataset_reference_ideal\run00128_seed006_sev060_Hs150_Tp600.csv,720000,719999.999999998,2.1019433107641e-15,1.68802216649055e-09,2.85014398850741e-15,0,1
129,State2_Mild,1.5,6,0.248189,6,train,pto_damping_loss,0.4,480000,C:\Users\Vissal\Downloads\New_WEC_Fault_detection\WEC-Sim\demostage\Matlab\reference_ar_hstp_project\dataset_reference_ideal\run00129_seed006_sev040_Hs150_Tp600.csv,480000,480000,1.2126596023639e-16,1.45519152283669e-09,3.21087873892367e-15,0,1
130,State2_Mild,1.5,6,0.248189,6,train,pto_damping_loss,0.2,240000,C:\Users\Vissal\Downloads\New_WEC_Fault_detection\WEC-Sim\demostage\Matlab\reference_ar_hstp_project\dataset_reference_ideal\run00130_seed006_sev020_Hs150_Tp600.csv,240000,239999.999999999,4.24430860827367e-15,1.28056854009628e-09,4.75374628961266e-15,0,1
131,State2_Mild,1.5,6,0.248189,7,train,healthy,1,1200000,C:\Users\Vissal\Downloads\New_WEC_Fault_detection\WEC-Sim\demostage\Matlab\reference_ar_hstp_project\dataset_reference_ideal\run00131_seed007_sev100_Hs150_Tp600.csv,1200000,1200000,3.1044085820516e-15,1.97906047105789e-09,2.48564311489681e-15,0,1
132,State2_Mild,1.5,6,0.248189,7,train,pto_damping_loss,0.8,960000,C:\Users\Vissal\Downloads\New_WEC_Fault_detection\WEC-Sim\demostage\Matlab\reference_ar_hstp_project\dataset_reference_ideal\run00132_seed007_sev080_Hs150_Tp600.csv,960000,959999.999999997,2.66785112520059e-15,1.74622982740402e-09,2.44008889977762e-15,0,1
133,State2_Mild,1.5,6,0.248189,7,train,pto_damping_loss,0.6,720000,C:\Users\Vissal\Downloads\New_WEC_Fault_detection\WEC-Sim\demostage\Matlab\reference_ar_hstp_project\dataset_reference_ideal\run00133_seed007_sev060_Hs150_Tp600.csv,720000,719999.999999999,1.61687946981854e-15,1.62981450557709e-09,2.66464172845521e-15,0,1
134,State2_Mild,1.5,6,0.248189,7,train,pto_damping_loss,0.4,480000,C:\Users\Vissal\Downloads\New_WEC_Fault_detection\WEC-Sim\demostage\Matlab\reference_ar_hstp_project\dataset_reference_ideal\run00134_seed007_sev040_Hs150_Tp600.csv,480000,479999.999999999,2.78911708543698e-15,1.33877620100975e-09,2.83676838472048e-15,0,1
135,State2_Mild,1.5,6,0.248189,7,train,pto_damping_loss,0.2,240000,C:\Users\Vissal\Downloads\New_WEC_Fault_detection\WEC-Sim\demostage\Matlab\reference_ar_hstp_project\dataset_reference_ideal\run00135_seed007_sev020_Hs150_Tp600.csv,240000,240000,1.2126596023639e-15,1.42608769237995e-09,5.10265604737865e-15,0,1
136,State2_Mild,1.5,6,0.248189,8,train,healthy,1,1200000,C:\Users\Vissal\Downloads\New_WEC_Fault_detection\WEC-Sim\demostage\Matlab\reference_ar_hstp_project\dataset_reference_ideal\run00136_seed008_sev100_Hs150_Tp600.csv,1200000,1200000,9.70127681891124e-16,1.97906047105789e-09,2.56074482438164e-15,0,1
137,State2_Mild,1.5,6,0.248189,8,train,pto_damping_loss,0.8,960000,C:\Users\Vissal\Downloads\New_WEC_Fault_detection\WEC-Sim\demostage\Matlab\reference_ar_hstp_project\dataset_reference_ideal\run00137_seed008_sev080_Hs150_Tp600.csv,960000,959999.999999997,3.39544688661893e-15,1.62981450557709e-09,2.38570414403641e-15,0,1
138,State2_Mild,1.5,6,0.248189,8,train,pto_damping_loss,0.6,720000,C:\Users\Vissal\Downloads\New_WEC_Fault_detection\WEC-Sim\demostage\Matlab\reference_ar_hstp_project\dataset_reference_ideal\run00138_seed008_sev060_Hs150_Tp600.csv,720000,719999.999999997,4.85063840945562e-15,1.39698386192322e-09,2.44170611146609e-15,0,1
139,State2_Mild,1.5,6,0.248189,8,train,pto_damping_loss,0.4,480000,C:\Users\Vissal\Downloads\New_WEC_Fault_detection\WEC-Sim\demostage\Matlab\reference_ar_hstp_project\dataset_reference_ideal\run00139_seed008_sev040_Hs150_Tp600.csv,480000,479999.999999998,3.51671284685532e-15,1.33877620100975e-09,3.10589765604993e-15,0,1
140,State2_Mild,1.5,6,0.248189,8,train,pto_damping_loss,0.2,240000,C:\Users\Vissal\Downloads\New_WEC_Fault_detection\WEC-Sim\demostage\Matlab\reference_ar_hstp_project\dataset_reference_ideal\run00140_seed008_sev020_Hs150_Tp600.csv,240000,239999.999999999,4.48684052874645e-15,1.25146470963955e-09,5.04512712647275e-15,0,1
141,State2_Mild,1.5,6,0.248189,9,train,healthy,1,1200000,C:\Users\Vissal\Downloads\New_WEC_Fault_detection\WEC-Sim\demostage\Matlab\reference_ar_hstp_project\dataset_reference_ideal\run00141_seed009_sev100_Hs150_Tp600.csv,1200000,1200000,0,1.97906047105789e-09,2.60727428634876e-15,0,1
142,State2_Mild,1.5,6,0.248189,9,train,pto_damping_loss,0.8,960000,C:\Users\Vissal\Downloads\New_WEC_Fault_detection\WEC-Sim\demostage\Matlab\reference_ar_hstp_project\dataset_reference_ideal\run00142_seed009_sev080_Hs150_Tp600.csv,960000,959999.999999997,3.03164900590976e-15,2.09547579288483e-09,3.0988543487314e-15,0,1
143,State2_Mild,1.5,6,0.248189,9,train,pto_damping_loss,0.6,720000,C:\Users\Vissal\Downloads\New_WEC_Fault_detection\WEC-Sim\demostage\Matlab\reference_ar_hstp_project\dataset_reference_ideal\run00143_seed009_sev060_Hs150_Tp600.csv,720000,719999.999999998,2.58700715170966e-15,1.74622982740402e-09,2.99942473937844e-15,0,1
144,State2_Mild,1.5,6,0.248189,9,train,pto_damping_loss,0.4,480000,C:\Users\Vissal\Downloads\New_WEC_Fault_detection\WEC-Sim\demostage\Matlab\reference_ar_hstp_project\dataset_reference_ideal\run00144_seed009_sev040_Hs150_Tp600.csv,480000,479999.999999999,1.81898940354586e-15,1.51339918375015e-09,3.33004580076158e-15,0,1
145,State2_Mild,1.5,6,0.248189,9,train,pto_damping_loss,0.2,240000,C:\Users\Vissal\Downloads\New_WEC_Fault_detection\WEC-Sim\demostage\Matlab\reference_ar_hstp_project\dataset_reference_ideal\run00145_seed009_sev020_Hs150_Tp600.csv,240000,240000,1.09139364212751e-15,1.41153577715158e-09,5.21175077082031e-15,0,1
146,State2_Mild,1.5,6,0.248189,10,train,healthy,1,1200000,C:\Users\Vissal\Downloads\New_WEC_Fault_detection\WEC-Sim\demostage\Matlab\reference_ar_hstp_project\dataset_reference_ideal\run00146_seed010_sev100_Hs150_Tp600.csv,1200000,1200000,2.52233197291692e-15,1.74622982740402e-09,2.51629334121299e-15,0,1
147,State2_Mild,1.5,6,0.248189,10,train,pto_damping_loss,0.8,960000,C:\Users\Vissal\Downloads\New_WEC_Fault_detection\WEC-Sim\demostage\Matlab\reference_ar_hstp_project\dataset_reference_ideal\run00147_seed010_sev080_Hs150_Tp600.csv,960000,960000,4.85063840945562e-16,1.62981450557709e-09,2.63592275239836e-15,0,1
148,State2_Mild,1.5,6,0.248189,10,train,pto_damping_loss,0.6,720000,C:\Users\Vissal\Downloads\New_WEC_Fault_detection\WEC-Sim\demostage\Matlab\reference_ar_hstp_project\dataset_reference_ideal\run00148_seed010_sev060_Hs150_Tp600.csv,720000,719999.999999998,2.58700715170966e-15,1.45519152283669e-09,2.80498717657992e-15,0,1
149,State2_Mild,1.5,6,0.248189,10,train,pto_damping_loss,0.4,480000,C:\Users\Vissal\Downloads\New_WEC_Fault_detection\WEC-Sim\demostage\Matlab\reference_ar_hstp_project\dataset_reference_ideal\run00149_seed010_sev040_Hs150_Tp600.csv,480000,479999.999999997,5.33570225040118e-15,1.46974343806505e-09,3.75268534416888e-15,0,1
150,State2_Mild,1.5,6,0.248189,10,train,pto_damping_loss,0.2,240000,C:\Users\Vissal\Downloads\New_WEC_Fault_detection\WEC-Sim\demostage\Matlab\reference_ar_hstp_project\dataset_reference_ideal\run00150_seed010_sev020_Hs150_Tp600.csv,240000,240000,1.81898940354586e-15,1.36788003146648e-09,5.94847085257455e-15,0,1
151,State2_Mild,1.5,6,0.248189,11,train,healthy,1,1200000,C:\Users\Vissal\Downloads\New_WEC_Fault_detection\WEC-Sim\demostage\Matlab\reference_ar_hstp_project\dataset_reference_ideal\run00151_seed011_sev100_Hs150_Tp600.csv,1200000,1200000,3.29843411842982e-15,1.74622982740402e-09,2.48748591500541e-15,0,1
152,State2_Mild,1.5,6,0.248189,11,train,pto_damping_loss,0.8,960000,C:\Users\Vissal\Downloads\New_WEC_Fault_detection\WEC-Sim\demostage\Matlab\reference_ar_hstp_project\dataset_reference_ideal\run00152_seed011_sev080_Hs150_Tp600.csv,960000,959999.999999999,8.48861721654733e-16,1.51339918375015e-09,2.41867782796436e-15,0,1
153,State2_Mild,1.5,6,0.248189,11,train,pto_damping_loss,0.6,720000,C:\Users\Vissal\Downloads\New_WEC_Fault_detection\WEC-Sim\demostage\Matlab\reference_ar_hstp_project\dataset_reference_ideal\run00153_seed011_sev060_Hs150_Tp600.csv,720000,719999.999999998,3.39544688661893e-15,1.33877620100975e-09,2.53737303587289e-15,0,1
154,State2_Mild,1.5,6,0.248189,11,train,pto_damping_loss,0.4,480000,C:\Users\Vissal\Downloads\New_WEC_Fault_detection\WEC-Sim\demostage\Matlab\reference_ar_hstp_project\dataset_reference_ideal\run00154_seed011_sev040_Hs150_Tp600.csv,480000,479999.999999999,1.2126596023639e-15,1.28056854009628e-09,3.1927367444588e-15,0,1
155,State2_Mild,1.5,6,0.248189,11,train,pto_damping_loss,0.2,240000,C:\Users\Vissal\Downloads\New_WEC_Fault_detection\WEC-Sim\demostage\Matlab\reference_ar_hstp_project\dataset_reference_ideal\run00155_seed011_sev020_Hs150_Tp600.csv,240000,240000,1.45519152283669e-15,1.24600774142891e-09,5.36432876524535e-15,0,1
156,State2_Mild,1.5,6,0.248189,12,train,healthy,1,1200000,C:\Users\Vissal\Downloads\New_WEC_Fault_detection\WEC-Sim\demostage\Matlab\reference_ar_hstp_project\dataset_reference_ideal\run00156_seed012_sev100_Hs150_Tp600.csv,1200000,1200000,1.5522042910258e-15,2.21189111471176e-09,2.45512858916064e-15,0,1
157,State2_Mild,1.5,6,0.248189,12,train,pto_damping_loss,0.8,960000,C:\Users\Vissal\Downloads\New_WEC_Fault_detection\WEC-Sim\demostage\Matlab\reference_ar_hstp_project\dataset_reference_ideal\run00157_seed012_sev080_Hs150_Tp600.csv,960000,959999.999999998,2.18278728425503e-15,1.97906047105789e-09,2.47018568692342e-15,0,1
158,State2_Mild,1.5,6,0.248189,12,train,pto_damping_loss,0.6,720000,C:\Users\Vissal\Downloads\New_WEC_Fault_detection\WEC-Sim\demostage\Matlab\reference_ar_hstp_project\dataset_reference_ideal\run00158_seed012_sev060_Hs150_Tp600.csv,720000,719999.999999999,1.77856741680039e-15,1.86264514923096e-09,2.76629761149285e-15,0,1
159,State2_Mild,1.5,6,0.248189,12,train,pto_damping_loss,0.4,480000,C:\Users\Vissal\Downloads\New_WEC_Fault_detection\WEC-Sim\demostage\Matlab\reference_ar_hstp_project\dataset_reference_ideal\run00159_seed012_sev040_Hs150_Tp600.csv,480000,480000,8.48861721654733e-16,1.45519152283669e-09,2.86380323222165e-15,0,1
160,State2_Mild,1.5,6,0.248189,12,train,pto_damping_loss,0.2,240000,C:\Users\Vissal\Downloads\New_WEC_Fault_detection\WEC-Sim\demostage\Matlab\reference_ar_hstp_project\dataset_reference_ideal\run00160_seed012_sev020_Hs150_Tp600.csv,240000,239999.999999999,3.39544688661893e-15,1.58615875989199e-09,5.45665811234684e-15,0,1
161,State2_Mild,1.5,6,0.248189,13,validation,healthy,1,1200000,C:\Users\Vissal\Downloads\New_WEC_Fault_detection\WEC-Sim\demostage\Matlab\reference_ar_hstp_project\dataset_reference_ideal\run00161_seed013_sev100_Hs150_Tp600.csv,1200000,1199999.99999999,5.23868948221207e-15,1.74622982740402e-09,2.41770088046706e-15,0,1
162,State2_Mild,1.5,6,0.248189,13,validation,pto_damping_loss,0.8,960000,C:\Users\Vissal\Downloads\New_WEC_Fault_detection\WEC-Sim\demostage\Matlab\reference_ar_hstp_project\dataset_reference_ideal\run00162_seed013_sev080_Hs150_Tp600.csv,960000,959999.999999997,3.39544688661893e-15,1.62981450557709e-09,2.52588006430057e-15,0,1
163,State2_Mild,1.5,6,0.248189,13,validation,pto_damping_loss,0.6,720000,C:\Users\Vissal\Downloads\New_WEC_Fault_detection\WEC-Sim\demostage\Matlab\reference_ar_hstp_project\dataset_reference_ideal\run00163_seed013_sev060_Hs150_Tp600.csv,720000,719999.999999998,2.74869509869152e-15,1.51339918375015e-09,2.7713595271108e-15,0,1
164,State2_Mild,1.5,6,0.248189,13,validation,pto_damping_loss,0.4,480000,C:\Users\Vissal\Downloads\New_WEC_Fault_detection\WEC-Sim\demostage\Matlab\reference_ar_hstp_project\dataset_reference_ideal\run00164_seed013_sev040_Hs150_Tp600.csv,480000,479999.999999998,3.7592447673281e-15,1.48429535329342e-09,3.52166202738143e-15,0,1
165,State2_Mild,1.5,6,0.248189,13,validation,pto_damping_loss,0.2,240000,C:\Users\Vissal\Downloads\New_WEC_Fault_detection\WEC-Sim\demostage\Matlab\reference_ar_hstp_project\dataset_reference_ideal\run00165_seed013_sev020_Hs150_Tp600.csv,240000,240000,1.94025536378225e-15,1.54795998241752e-09,6.22846675680731e-15,0,1
166,State2_Mild,1.5,6,0.248189,14,validation,healthy,1,1200000,C:\Users\Vissal\Downloads\New_WEC_Fault_detection\WEC-Sim\demostage\Matlab\reference_ar_hstp_project\dataset_reference_ideal\run00166_seed014_sev100_Hs150_Tp600.csv,1200000,1200000,1.74622982740402e-15,1.97906047105789e-09,2.56507521076683e-15,0,1
167,State2_Mild,1.5,6,0.248189,14,validation,pto_damping_loss,0.8,960000,C:\Users\Vissal\Downloads\New_WEC_Fault_detection\WEC-Sim\demostage\Matlab\reference_ar_hstp_project\dataset_reference_ideal\run00167_seed014_sev080_Hs150_Tp600.csv,960000,959999.999999998,1.57645748307308e-15,1.74622982740402e-09,2.52772220791363e-15,0,1
168,State2_Mild,1.5,6,0.248189,14,validation,pto_damping_loss,0.6,720000,C:\Users\Vissal\Downloads\New_WEC_Fault_detection\WEC-Sim\demostage\Matlab\reference_ar_hstp_project\dataset_reference_ideal\run00168_seed014_sev060_Hs150_Tp600.csv,720000,719999.999999998,2.26363125774595e-15,1.57160684466362e-09,2.67760849284048e-15,0,1
169,State2_Mild,1.5,6,0.248189,14,validation,pto_damping_loss,0.4,480000,C:\Users\Vissal\Downloads\New_WEC_Fault_detection\WEC-Sim\demostage\Matlab\reference_ar_hstp_project\dataset_reference_ideal\run00169_seed014_sev040_Hs150_Tp600.csv,480000,479999.999999999,1.94025536378225e-15,1.62981450557709e-09,3.62136184068737e-15,0,1
170,State2_Mild,1.5,6,0.248189,14,validation,pto_damping_loss,0.2,240000,C:\Users\Vissal\Downloads\New_WEC_Fault_detection\WEC-Sim\demostage\Matlab\reference_ar_hstp_project\dataset_reference_ideal\run00170_seed014_sev020_Hs150_Tp600.csv,240000,240000,1.81898940354586e-15,1.33877620100975e-09,5.08243579088355e-15,0,1
171,State2_Mild,1.5,6,0.248189,15,validation,healthy,1,1200000,C:\Users\Vissal\Downloads\New_WEC_Fault_detection\WEC-Sim\demostage\Matlab\reference_ar_hstp_project\dataset_reference_ideal\run00171_seed015_sev100_Hs150_Tp600.csv,1200000,1200000,1.74622982740402e-15,1.86264514923096e-09,2.57711359936329e-15,0,1
172,State2_Mild,1.5,6,0.248189,15,validation,pto_damping_loss,0.8,960000,C:\Users\Vissal\Downloads\New_WEC_Fault_detection\WEC-Sim\demostage\Matlab\reference_ar_hstp_project\dataset_reference_ideal\run00172_seed015_sev080_Hs150_Tp600.csv,960000,959999.999999998,2.5465851649642e-15,1.74622982740402e-09,2.74592313377412e-15,0,1
173,State2_Mild,1.5,6,0.248189,15,validation,pto_damping_loss,0.6,720000,C:\Users\Vissal\Downloads\New_WEC_Fault_detection\WEC-Sim\demostage\Matlab\reference_ar_hstp_project\dataset_reference_ideal\run00173_seed015_sev060_Hs150_Tp600.csv,720000,719999.999999998,3.23375893963708e-15,1.62981450557709e-09,2.96829528079049e-15,0,1
174,State2_Mild,1.5,6,0.248189,15,validation,pto_damping_loss,0.4,480000,C:\Users\Vissal\Downloads\New_WEC_Fault_detection\WEC-Sim\demostage\Matlab\reference_ar_hstp_project\dataset_reference_ideal\run00174_seed015_sev040_Hs150_Tp600.csv,480000,479999.999999999,2.66785112520059e-15,1.45519152283669e-09,3.34785477828958e-15,0,1
175,State2_Mild,1.5,6,0.248189,15,validation,pto_damping_loss,0.2,240000,C:\Users\Vissal\Downloads\New_WEC_Fault_detection\WEC-Sim\demostage\Matlab\reference_ar_hstp_project\dataset_reference_ideal\run00175_seed015_sev020_Hs150_Tp600.csv,240000,239999.999999999,3.15291496614615e-15,1.69529812410474e-09,6.40238347713673e-15,0,1
176,State2_Mild,1.5,6,0.248189,16,validation,healthy,1,1200000,C:\Users\Vissal\Downloads\New_WEC_Fault_detection\WEC-Sim\demostage\Matlab\reference_ar_hstp_project\dataset_reference_ideal\run00176_seed016_sev100_Hs150_Tp600.csv,1200000,1200000,1.94025536378225e-15,1.97906047105789e-09,2.51636443217507e-15,0,1
177,State2_Mild,1.5,6,0.248189,16,validation,pto_damping_loss,0.8,960000,C:\Users\Vissal\Downloads\New_WEC_Fault_detection\WEC-Sim\demostage\Matlab\reference_ar_hstp_project\dataset_reference_ideal\run00177_seed016_sev080_Hs150_Tp600.csv,960000,959999.999999997,3.63797880709171e-15,1.74622982740402e-09,2.47600907813956e-15,0,1
178,State2_Mild,1.5,6,0.248189,16,validation,pto_damping_loss,0.6,720000,C:\Users\Vissal\Downloads\New_WEC_Fault_detection\WEC-Sim\demostage\Matlab\reference_ar_hstp_project\dataset_reference_ideal\run00178_seed016_sev060_Hs150_Tp600.csv,720000,719999.999999998,3.07207099265522e-15,1.74622982740402e-09,2.91504276083523e-15,0,1
179,State2_Mild,1.5,6,0.248189,16,validation,pto_damping_loss,0.4,480000,C:\Users\Vissal\Downloads\New_WEC_Fault_detection\WEC-Sim\demostage\Matlab\reference_ar_hstp_project\dataset_reference_ideal\run00179_seed016_sev040_Hs150_Tp600.csv,480000,479999.999999999,1.57645748307308e-15,1.39698386192322e-09,3.05675296531637e-15,0,1
180,State2_Mild,1.5,6,0.248189,16,validation,pto_damping_loss,0.2,240000,C:\Users\Vissal\Downloads\New_WEC_Fault_detection\WEC-Sim\demostage\Matlab\reference_ar_hstp_project\dataset_reference_ideal\run00180_seed016_sev020_Hs150_Tp600.csv,240000,239999.999999999,2.78911708543698e-15,1.48429535329342e-09,5.39488321512263e-15,0,1
181,State2_Mild,1.5,6,0.248189,17,test,healthy,1,1200000,C:\Users\Vissal\Downloads\New_WEC_Fault_detection\WEC-Sim\demostage\Matlab\reference_ar_hstp_project\dataset_reference_ideal\run00181_seed017_sev100_Hs150_Tp600.csv,1200000,1200000,2.52233197291692e-15,1.97906047105789e-09,2.50102038378927e-15,0,1
182,State2_Mild,1.5,6,0.248189,17,test,pto_damping_loss,0.8,960000,C:\Users\Vissal\Downloads\New_WEC_Fault_detection\WEC-Sim\demostage\Matlab\reference_ar_hstp_project\dataset_reference_ideal\run00182_seed017_sev080_Hs150_Tp600.csv,960000,959999.999999996,3.88051072756449e-15,1.74622982740402e-09,2.46054662984553e-15,0,1
183,State2_Mild,1.5,6,0.248189,17,test,pto_damping_loss,0.6,720000,C:\Users\Vissal\Downloads\New_WEC_Fault_detection\WEC-Sim\demostage\Matlab\reference_ar_hstp_project\dataset_reference_ideal\run00183_seed017_sev060_Hs150_Tp600.csv,720000,719999.999999997,4.2038866215282e-15,1.80443748831749e-09,2.98564717948102e-15,0,1
184,State2_Mild,1.5,6,0.248189,17,test,pto_damping_loss,0.4,480000,C:\Users\Vissal\Downloads\New_WEC_Fault_detection\WEC-Sim\demostage\Matlab\reference_ar_hstp_project\dataset_reference_ideal\run00184_seed017_sev040_Hs150_Tp600.csv,480000,480000,8.48861721654733e-16,1.62981450557709e-09,3.51128397909427e-15,0,1
185,State2_Mild,1.5,6,0.248189,17,test,pto_damping_loss,0.2,240000,C:\Users\Vissal\Downloads\New_WEC_Fault_detection\WEC-Sim\demostage\Matlab\reference_ar_hstp_project\dataset_reference_ideal\run00185_seed017_sev020_Hs150_Tp600.csv,240000,240000,7.27595761418343e-16,1.49884726852179e-09,5.50242385636604e-15,0,1
186,State2_Mild,1.5,6,0.248189,18,test,healthy,1,1200000,C:\Users\Vissal\Downloads\New_WEC_Fault_detection\WEC-Sim\demostage\Matlab\reference_ar_hstp_project\dataset_reference_ideal\run00186_seed018_sev100_Hs150_Tp600.csv,1200000,1200000,2.13428090016047e-15,1.62981450557709e-09,2.55934859721597e-15,0,1
187,State2_Mild,1.5,6,0.248189,18,test,pto_damping_loss,0.8,960000,C:\Users\Vissal\Downloads\New_WEC_Fault_detection\WEC-Sim\demostage\Matlab\reference_ar_hstp_project\dataset_reference_ideal\run00187_seed018_sev080_Hs150_Tp600.csv,960000,959999.999999998,2.42531920472781e-15,1.51339918375015e-09,2.67442426865829e-15,0,1
188,State2_Mild,1.5,6,0.248189,18,test,pto_damping_loss,0.6,720000,C:\Users\Vissal\Downloads\New_WEC_Fault_detection\WEC-Sim\demostage\Matlab\reference_ar_hstp_project\dataset_reference_ideal\run00188_seed018_sev060_Hs150_Tp600.csv,720000,719999.999999999,1.77856741680039e-15,1.29512045532465e-09,2.68336754722461e-15,0,1
189,State2_Mild,1.5,6,0.248189,18,test,pto_damping_loss,0.4,480000,C:\Users\Vissal\Downloads\New_WEC_Fault_detection\WEC-Sim\demostage\Matlab\reference_ar_hstp_project\dataset_reference_ideal\run00189_seed018_sev040_Hs150_Tp600.csv,480000,480000,2.42531920472781e-16,1.51339918375015e-09,4.07756893685192e-15,0,1
190,State2_Mild,1.5,6,0.248189,18,test,pto_damping_loss,0.2,240000,C:\Users\Vissal\Downloads\New_WEC_Fault_detection\WEC-Sim\demostage\Matlab\reference_ar_hstp_project\dataset_reference_ideal\run00190_seed018_sev020_Hs150_Tp600.csv,240000,239999.999999999,3.51671284685532e-15,1.4479155652225e-09,6.44751705759285e-15,0,1
191,State2_Mild,1.5,6,0.248189,19,test,healthy,1,1200000,C:\Users\Vissal\Downloads\New_WEC_Fault_detection\WEC-Sim\demostage\Matlab\reference_ar_hstp_project\dataset_reference_ideal\run00191_seed019_sev100_Hs150_Tp600.csv,1200000,1200000,2.13428090016047e-15,1.62981450557709e-09,2.45476415500958e-15,0,1
192,State2_Mild,1.5,6,0.248189,19,test,pto_damping_loss,0.8,960000,C:\Users\Vissal\Downloads\New_WEC_Fault_detection\WEC-Sim\demostage\Matlab\reference_ar_hstp_project\dataset_reference_ideal\run00192_seed019_sev080_Hs150_Tp600.csv,960000,959999.999999997,3.39544688661893e-15,1.57160684466362e-09,2.66060227923663e-15,0,1
193,State2_Mild,1.5,6,0.248189,19,test,pto_damping_loss,0.6,720000,C:\Users\Vissal\Downloads\New_WEC_Fault_detection\WEC-Sim\demostage\Matlab\reference_ar_hstp_project\dataset_reference_ideal\run00193_seed019_sev060_Hs150_Tp600.csv,720000,719999.999999999,9.70127681891124e-16,1.45519152283669e-09,2.87325695549192e-15,0,1
194,State2_Mild,1.5,6,0.248189,19,test,pto_damping_loss,0.4,480000,C:\Users\Vissal\Downloads\New_WEC_Fault_detection\WEC-Sim\demostage\Matlab\reference_ar_hstp_project\dataset_reference_ideal\run00194_seed019_sev040_Hs150_Tp600.csv,480000,479999.999999999,1.09139364212751e-15,1.36788003146648e-09,3.47234260885621e-15,0,1
195,State2_Mild,1.5,6,0.248189,19,test,pto_damping_loss,0.2,240000,C:\Users\Vissal\Downloads\New_WEC_Fault_detection\WEC-Sim\demostage\Matlab\reference_ar_hstp_project\dataset_reference_ideal\run00195_seed019_sev020_Hs150_Tp600.csv,240000,240000,2.06152132401864e-15,1.48429535329342e-09,6.31240424362416e-15,0,1
196,State2_Mild,1.5,6,0.248189,20,test,healthy,1,1200000,C:\Users\Vissal\Downloads\New_WEC_Fault_detection\WEC-Sim\demostage\Matlab\reference_ar_hstp_project\dataset_reference_ideal\run00196_seed020_sev100_Hs150_Tp600.csv,1200000,1200000,3.88051072756449e-15,1.97906047105789e-09,2.615400559037e-15,0,1
197,State2_Mild,1.5,6,0.248189,20,test,pto_damping_loss,0.8,960000,C:\Users\Vissal\Downloads\New_WEC_Fault_detection\WEC-Sim\demostage\Matlab\reference_ar_hstp_project\dataset_reference_ideal\run00197_seed020_sev080_Hs150_Tp600.csv,960000,959999.999999998,2.42531920472781e-15,1.74622982740402e-09,2.61958617316602e-15,0,1
198,State2_Mild,1.5,6,0.248189,20,test,pto_damping_loss,0.6,720000,C:\Users\Vissal\Downloads\New_WEC_Fault_detection\WEC-Sim\demostage\Matlab\reference_ar_hstp_project\dataset_reference_ideal\run00198_seed020_sev060_Hs150_Tp600.csv,720000,719999.999999998,2.91038304567337e-15,1.62981450557709e-09,2.88984585723589e-15,0,1
199,State2_Mild,1.5,6,0.248189,20,test,pto_damping_loss,0.4,480000,C:\Users\Vissal\Downloads\New_WEC_Fault_detection\WEC-Sim\demostage\Matlab\reference_ar_hstp_project\dataset_reference_ideal\run00199_seed020_sev040_Hs150_Tp600.csv,480000,479999.999999997,6.06329801181952e-15,1.45519152283669e-09,3.35386498206726e-15,0,1
200,State2_Mild,1.5,6,0.248189,20,test,pto_damping_loss,0.2,240000,C:\Users\Vissal\Downloads\New_WEC_Fault_detection\WEC-Sim\demostage\Matlab\reference_ar_hstp_project\dataset_reference_ideal\run00200_seed020_sev020_Hs150_Tp600.csv,240000,239999.999999999,4.97190436969201e-15,1.41881173476577e-09,5.5734505580938e-15,0,1
201,State3_Energetic,1.6,7.2,0.28249,1,train,healthy,1,1200000,C:\Users\Vissal\Downloads\New_WEC_Fault_detection\WEC-Sim\demostage\Matlab\reference_ar_hstp_project\dataset_reference_ideal\run00201_seed001_sev100_Hs160_Tp720.csv,1200000,1199999.99999999,4.65661287307739e-15,2.21189111471176e-09,2.5481445250957e-15,0,1
202,State3_Energetic,1.6,7.2,0.28249,1,train,pto_damping_loss,0.8,960000,C:\Users\Vissal\Downloads\New_WEC_Fault_detection\WEC-Sim\demostage\Matlab\reference_ar_hstp_project\dataset_reference_ideal\run00202_seed001_sev080_Hs160_Tp720.csv,960000,959999.999999999,8.48861721654733e-16,1.86264514923096e-09,2.4728281050026e-15,0,1
203,State3_Energetic,1.6,7.2,0.28249,1,train,pto_damping_loss,0.6,720000,C:\Users\Vissal\Downloads\New_WEC_Fault_detection\WEC-Sim\demostage\Matlab\reference_ar_hstp_project\dataset_reference_ideal\run00203_seed001_sev060_Hs160_Tp720.csv,720000,719999.999999998,2.26363125774595e-15,1.74622982740402e-09,2.82628222885004e-15,0,1
204,State3_Energetic,1.6,7.2,0.28249,1,train,pto_damping_loss,0.4,480000,C:\Users\Vissal\Downloads\New_WEC_Fault_detection\WEC-Sim\demostage\Matlab\reference_ar_hstp_project\dataset_reference_ideal\run00204_seed001_sev040_Hs160_Tp720.csv,480000,479999.999999997,5.21443629016479e-15,1.51339918375015e-09,3.27236640796979e-15,0,1
205,State3_Energetic,1.6,7.2,0.28249,1,train,pto_damping_loss,0.2,240000,C:\Users\Vissal\Downloads\New_WEC_Fault_detection\WEC-Sim\demostage\Matlab\reference_ar_hstp_project\dataset_reference_ideal\run00205_seed001_sev020_Hs160_Tp720.csv,240000,239999.999999999,3.51671284685532e-15,1.54250301420689e-09,5.86808843009736e-15,0,1
206,State3_Energetic,1.6,7.2,0.28249,2,train,healthy,1,1200000,C:\Users\Vissal\Downloads\New_WEC_Fault_detection\WEC-Sim\demostage\Matlab\reference_ar_hstp_project\dataset_reference_ideal\run00206_seed002_sev100_Hs160_Tp720.csv,1200000,1200000,1.35817875464757e-15,2.09547579288483e-09,2.4550721711978e-15,0,1
207,State3_Energetic,1.6,7.2,0.28249,2,train,pto_damping_loss,0.8,960000,C:\Users\Vissal\Downloads\New_WEC_Fault_detection\WEC-Sim\demostage\Matlab\reference_ar_hstp_project\dataset_reference_ideal\run00207_seed002_sev080_Hs160_Tp720.csv,960000,959999.999999998,2.30405324449142e-15,1.97906047105789e-09,2.69214257056017e-15,0,1
208,State3_Energetic,1.6,7.2,0.28249,2,train,pto_damping_loss,0.6,720000,C:\Users\Vissal\Downloads\New_WEC_Fault_detection\WEC-Sim\demostage\Matlab\reference_ar_hstp_project\dataset_reference_ideal\run00208_seed002_sev060_Hs160_Tp720.csv,720000,719999.999999999,1.29350357585483e-15,1.51339918375015e-09,2.54746311584602e-15,0,1
209,State3_Energetic,1.6,7.2,0.28249,2,train,pto_damping_loss,0.4,480000,C:\Users\Vissal\Downloads\New_WEC_Fault_detection\WEC-Sim\demostage\Matlab\reference_ar_hstp_project\dataset_reference_ideal\run00209_seed002_sev040_Hs160_Tp720.csv,480000,479999.999999999,1.81898940354586e-15,1.62981450557709e-09,3.83444361658023e-15,0,1
210,State3_Energetic,1.6,7.2,0.28249,2,train,pto_damping_loss,0.2,240000,C:\Users\Vissal\Downloads\New_WEC_Fault_detection\WEC-Sim\demostage\Matlab\reference_ar_hstp_project\dataset_reference_ideal\run00210_seed002_sev020_Hs160_Tp720.csv,240000,239999.999999999,3.03164900590976e-15,1.07684172689915e-09,4.72752792080765e-15,0,1
211,State3_Energetic,1.6,7.2,0.28249,3,train,healthy,1,1200000,C:\Users\Vissal\Downloads\New_WEC_Fault_detection\WEC-Sim\demostage\Matlab\reference_ar_hstp_project\dataset_reference_ideal\run00211_seed003_sev100_Hs160_Tp720.csv,1200000,1200000,3.68648519118627e-15,2.3283064365387e-09,2.60075744476494e-15,0,1
212,State3_Energetic,1.6,7.2,0.28249,3,train,pto_damping_loss,0.8,960000,C:\Users\Vissal\Downloads\New_WEC_Fault_detection\WEC-Sim\demostage\Matlab\reference_ar_hstp_project\dataset_reference_ideal\run00212_seed003_sev080_Hs160_Tp720.csv,960000,959999.999999997,2.78911708543698e-15,1.86264514923096e-09,2.37790771356948e-15,0,1
213,State3_Energetic,1.6,7.2,0.28249,3,train,pto_damping_loss,0.6,720000,C:\Users\Vissal\Downloads\New_WEC_Fault_detection\WEC-Sim\demostage\Matlab\reference_ar_hstp_project\dataset_reference_ideal\run00213_seed003_sev060_Hs160_Tp720.csv,720000,719999.999999999,1.77856741680039e-15,1.62981450557709e-09,2.52204598443891e-15,0,1
214,State3_Energetic,1.6,7.2,0.28249,3,train,pto_damping_loss,0.4,480000,C:\Users\Vissal\Downloads\New_WEC_Fault_detection\WEC-Sim\demostage\Matlab\reference_ar_hstp_project\dataset_reference_ideal\run00214_seed003_sev040_Hs160_Tp720.csv,480000,479999.999999999,1.69772344330947e-15,1.51339918375015e-09,3.16752039789339e-15,0,1
215,State3_Energetic,1.6,7.2,0.28249,3,train,pto_damping_loss,0.2,240000,C:\Users\Vissal\Downloads\New_WEC_Fault_detection\WEC-Sim\demostage\Matlab\reference_ar_hstp_project\dataset_reference_ideal\run00215_seed003_sev020_Hs160_Tp720.csv,240000,239999.999999999,3.15291496614615e-15,1.32422428578138e-09,4.97813430893801e-15,0,1
216,State3_Energetic,1.6,7.2,0.28249,4,train,healthy,1,1200000,C:\Users\Vissal\Downloads\New_WEC_Fault_detection\WEC-Sim\demostage\Matlab\reference_ar_hstp_project\dataset_reference_ideal\run00216_seed004_sev100_Hs160_Tp720.csv,1200000,1200000,3.1044085820516e-15,2.3283064365387e-09,2.5205219257351e-15,0,1
217,State3_Energetic,1.6,7.2,0.28249,4,train,pto_damping_loss,0.8,960000,C:\Users\Vissal\Downloads\New_WEC_Fault_detection\WEC-Sim\demostage\Matlab\reference_ar_hstp_project\dataset_reference_ideal\run00217_seed004_sev080_Hs160_Tp720.csv,960000,959999.999999995,5.21443629016479e-15,2.3283064365387e-09,2.87727765808885e-15,0,1
218,State3_Energetic,1.6,7.2,0.28249,4,train,pto_damping_loss,0.6,720000,C:\Users\Vissal\Downloads\New_WEC_Fault_detection\WEC-Sim\demostage\Matlab\reference_ar_hstp_project\dataset_reference_ideal\run00218_seed004_sev060_Hs160_Tp720.csv,720000,719999.999999998,2.1019433107641e-15,1.62981450557709e-09,2.42922412966252e-15,0,1
219,State3_Energetic,1.6,7.2,0.28249,4,train,pto_damping_loss,0.4,480000,C:\Users\Vissal\Downloads\New_WEC_Fault_detection\WEC-Sim\demostage\Matlab\reference_ar_hstp_project\dataset_reference_ideal\run00219_seed004_sev040_Hs160_Tp720.csv,480000,479999.999999998,4.36557456851006e-15,1.74622982740402e-09,3.49738307038999e-15,0,1
220,State3_Energetic,1.6,7.2,0.28249,4,train,pto_damping_loss,0.2,240000,C:\Users\Vissal\Downloads\New_WEC_Fault_detection\WEC-Sim\demostage\Matlab\reference_ar_hstp_project\dataset_reference_ideal\run00220_seed004_sev020_Hs160_Tp720.csv,240000,240000,3.63797880709171e-16,1.77897163666785e-09,6.25210840848621e-15,0,1
221,State3_Energetic,1.6,7.2,0.28249,5,train,healthy,1,1200000,C:\Users\Vissal\Downloads\New_WEC_Fault_detection\WEC-Sim\demostage\Matlab\reference_ar_hstp_project\dataset_reference_ideal\run00221_seed005_sev100_Hs160_Tp720.csv,1200000,1199999.99999999,4.26856180032094e-15,2.21189111471176e-09,2.46803620338961e-15,0,1
222,State3_Energetic,1.6,7.2,0.28249,5,train,pto_damping_loss,0.8,960000,C:\Users\Vissal\Downloads\New_WEC_Fault_detection\WEC-Sim\demostage\Matlab\reference_ar_hstp_project\dataset_reference_ideal\run00222_seed005_sev080_Hs160_Tp720.csv,960000,959999.999999997,2.78911708543698e-15,2.09547579288483e-09,2.64943921765426e-15,0,1
223,State3_Energetic,1.6,7.2,0.28249,5,train,pto_damping_loss,0.6,720000,C:\Users\Vissal\Downloads\New_WEC_Fault_detection\WEC-Sim\demostage\Matlab\reference_ar_hstp_project\dataset_reference_ideal\run00223_seed005_sev060_Hs160_Tp720.csv,720000,719999.999999998,2.1019433107641e-15,1.74622982740402e-09,2.64893596249122e-15,0,1
224,State3_Energetic,1.6,7.2,0.28249,5,train,pto_damping_loss,0.4,480000,C:\Users\Vissal\Downloads\New_WEC_Fault_detection\WEC-Sim\demostage\Matlab\reference_ar_hstp_project\dataset_reference_ideal\run00224_seed005_sev040_Hs160_Tp720.csv,480000,479999.999999998,3.39544688661893e-15,1.68802216649055e-09,3.42446023696885e-15,0,1
225,State3_Energetic,1.6,7.2,0.28249,5,train,pto_damping_loss,0.2,240000,C:\Users\Vissal\Downloads\New_WEC_Fault_detection\WEC-Sim\demostage\Matlab\reference_ar_hstp_project\dataset_reference_ideal\run00225_seed005_sev020_Hs160_Tp720.csv,240000,239999.999999999,2.30405324449142e-15,1.85536919161677e-09,6.63152000769314e-15,0,1
226,State3_Energetic,1.6,7.2,0.28249,6,train,healthy,1,1200000,C:\Users\Vissal\Downloads\New_WEC_Fault_detection\WEC-Sim\demostage\Matlab\reference_ar_hstp_project\dataset_reference_ideal\run00226_seed006_sev100_Hs160_Tp720.csv,1200000,1200000,1.74622982740402e-15,2.21189111471176e-09,2.52192197735074e-15,0,1
227,State3_Energetic,1.6,7.2,0.28249,6,train,pto_damping_loss,0.8,960000,C:\Users\Vissal\Downloads\New_WEC_Fault_detection\WEC-Sim\demostage\Matlab\reference_ar_hstp_project\dataset_reference_ideal\run00227_seed006_sev080_Hs160_Tp720.csv,960000,959999.999999996,3.7592447673281e-15,1.86264514923096e-09,2.42302029004829e-15,0,1
228,State3_Energetic,1.6,7.2,0.28249,6,train,pto_damping_loss,0.6,720000,C:\Users\Vissal\Downloads\New_WEC_Fault_detection\WEC-Sim\demostage\Matlab\reference_ar_hstp_project\dataset_reference_ideal\run00228_seed006_sev060_Hs160_Tp720.csv,720000,719999.999999999,1.45519152283669e-15,1.86264514923096e-09,2.91882414435162e-15,0,1
229,State3_Energetic,1.6,7.2,0.28249,6,train,pto_damping_loss,0.4,480000,C:\Users\Vissal\Downloads\New_WEC_Fault_detection\WEC-Sim\demostage\Matlab\reference_ar_hstp_project\dataset_reference_ideal\run00229_seed006_sev040_Hs160_Tp720.csv,480000,479999.999999999,1.45519152283669e-15,1.68802216649055e-09,3.51687956330717e-15,0,1
230,State3_Energetic,1.6,7.2,0.28249,6,train,pto_damping_loss,0.2,240000,C:\Users\Vissal\Downloads\New_WEC_Fault_detection\WEC-Sim\demostage\Matlab\reference_ar_hstp_project\dataset_reference_ideal\run00230_seed006_sev020_Hs160_Tp720.csv,240000,240000,1.45519152283669e-15,1.81898940354586e-09,6.55097221493569e-15,0,1
231,State3_Energetic,1.6,7.2,0.28249,7,train,healthy,1,1200000,C:\Users\Vissal\Downloads\New_WEC_Fault_detection\WEC-Sim\demostage\Matlab\reference_ar_hstp_project\dataset_reference_ideal\run00231_seed007_sev100_Hs160_Tp720.csv,1200000,1200000,2.91038304567337e-15,2.09547579288483e-09,2.4759449646905e-15,0,1
232,State3_Energetic,1.6,7.2,0.28249,7,train,pto_damping_loss,0.8,960000,C:\Users\Vissal\Downloads\New_WEC_Fault_detection\WEC-Sim\demostage\Matlab\reference_ar_hstp_project\dataset_reference_ideal\run00232_seed007_sev080_Hs160_Tp720.csv,960000,959999.999999996,3.88051072756449e-15,1.86264514923096e-09,2.51405103573674e-15,0,1
233,State3_Energetic,1.6,7.2,0.28249,7,train,pto_damping_loss,0.6,720000,C:\Users\Vissal\Downloads\New_WEC_Fault_detection\WEC-Sim\demostage\Matlab\reference_ar_hstp_project\dataset_reference_ideal\run00233_seed007_sev060_Hs160_Tp720.csv,720000,720000,4.85063840945562e-16,1.62981450557709e-09,2.66370915517291e-15,0,1
234,State3_Energetic,1.6,7.2,0.28249,7,train,pto_damping_loss,0.4,480000,C:\Users\Vissal\Downloads\New_WEC_Fault_detection\WEC-Sim\demostage\Matlab\reference_ar_hstp_project\dataset_reference_ideal\run00234_seed007_sev040_Hs160_Tp720.csv,480000,479999.999999998,3.51671284685532e-15,1.45519152283669e-09,3.20969348010502e-15,0,1
235,State3_Energetic,1.6,7.2,0.28249,7,train,pto_damping_loss,0.2,240000,C:\Users\Vissal\Downloads\New_WEC_Fault_detection\WEC-Sim\demostage\Matlab\reference_ar_hstp_project\dataset_reference_ideal\run00235_seed007_sev020_Hs160_Tp720.csv,240000,240000,1.69772344330947e-15,1.54250301420689e-09,6.06163547274288e-15,0,1
236,State3_Energetic,1.6,7.2,0.28249,8,train,healthy,1,1200000,C:\Users\Vissal\Downloads\New_WEC_Fault_detection\WEC-Sim\demostage\Matlab\reference_ar_hstp_project\dataset_reference_ideal\run00236_seed008_sev100_Hs160_Tp720.csv,1200000,1200000,3.49245965480804e-15,2.21189111471176e-09,2.39148427105646e-15,0,1
237,State3_Energetic,1.6,7.2,0.28249,8,train,pto_damping_loss,0.8,960000,C:\Users\Vissal\Downloads\New_WEC_Fault_detection\WEC-Sim\demostage\Matlab\reference_ar_hstp_project\dataset_reference_ideal\run00237_seed008_sev080_Hs160_Tp720.csv,960000,959999.999999997,3.03164900590976e-15,1.86264514923096e-09,2.37583777198353e-15,0,1
238,State3_Energetic,1.6,7.2,0.28249,8,train,pto_damping_loss,0.6,720000,C:\Users\Vissal\Downloads\New_WEC_Fault_detection\WEC-Sim\demostage\Matlab\reference_ar_hstp_project\dataset_reference_ideal\run00238_seed008_sev060_Hs160_Tp720.csv,720000,719999.999999997,3.71882278058264e-15,1.51339918375015e-09,2.42642198011132e-15,0,1
239,State3_Energetic,1.6,7.2,0.28249,8,train,pto_damping_loss,0.4,480000,C:\Users\Vissal\Downloads\New_WEC_Fault_detection\WEC-Sim\demostage\Matlab\reference_ar_hstp_project\dataset_reference_ideal\run00239_seed008_sev040_Hs160_Tp720.csv,480000,479999.999999999,1.94025536378225e-15,1.39698386192322e-09,3.18150516456911e-15,0,1
240,State3_Energetic,1.6,7.2,0.28249,8,train,pto_damping_loss,0.2,240000,C:\Users\Vissal\Downloads\New_WEC_Fault_detection\WEC-Sim\demostage\Matlab\reference_ar_hstp_project\dataset_reference_ideal\run00240_seed008_sev020_Hs160_Tp720.csv,240000,239999.999999999,2.78911708543698e-15,1.20780896395445e-09,4.93289888099289e-15,0,1
241,State3_Energetic,1.6,7.2,0.28249,9,train,healthy,1,1200000,C:\Users\Vissal\Downloads\New_WEC_Fault_detection\WEC-Sim\demostage\Matlab\reference_ar_hstp_project\dataset_reference_ideal\run00241_seed009_sev100_Hs160_Tp720.csv,1200000,1200000,1.16415321826935e-15,2.21189111471176e-09,2.48592081880324e-15,0,1
242,State3_Energetic,1.6,7.2,0.28249,9,train,pto_damping_loss,0.8,960000,C:\Users\Vissal\Downloads\New_WEC_Fault_detection\WEC-Sim\demostage\Matlab\reference_ar_hstp_project\dataset_reference_ideal\run00242_seed009_sev080_Hs160_Tp720.csv,960000,959999.999999999,1.33392556260029e-15,1.97906047105789e-09,2.51817150524682e-15,0,1
243,State3_Energetic,1.6,7.2,0.28249,9,train,pto_damping_loss,0.6,720000,C:\Users\Vissal\Downloads\New_WEC_Fault_detection\WEC-Sim\demostage\Matlab\reference_ar_hstp_project\dataset_reference_ideal\run00243_seed009_sev060_Hs160_Tp720.csv,720000,720000,3.23375893963708e-16,1.92085281014442e-09,2.9280910460884e-15,0,1
244,State3_Energetic,1.6,7.2,0.28249,9,train,pto_damping_loss,0.4,480000,C:\Users\Vissal\Downloads\New_WEC_Fault_detection\WEC-Sim\demostage\Matlab\reference_ar_hstp_project\dataset_reference_ideal\run00244_seed009_sev040_Hs160_Tp720.csv,480000,479999.999999999,3.03164900590976e-15,1.62981450557709e-09,3.32164479472947e-15,0,1
245,State3_Energetic,1.6,7.2,0.28249,9,train,pto_damping_loss,0.2,240000,C:\Users\Vissal\Downloads\New_WEC_Fault_detection\WEC-Sim\demostage\Matlab\reference_ar_hstp_project\dataset_reference_ideal\run00245_seed009_sev020_Hs160_Tp720.csv,240000,240000,1.33392556260029e-15,1.29512045532465e-09,4.65436255647441e-15,0,1
246,State3_Energetic,1.6,7.2,0.28249,10,train,healthy,1,1200000,C:\Users\Vissal\Downloads\New_WEC_Fault_detection\WEC-Sim\demostage\Matlab\reference_ar_hstp_project\dataset_reference_ideal\run00246_seed010_sev100_Hs160_Tp720.csv,1200000,1200000,3.68648519118627e-15,1.86264514923096e-09,2.41719732371001e-15,0,1
247,State3_Energetic,1.6,7.2,0.28249,10,train,pto_damping_loss,0.8,960000,C:\Users\Vissal\Downloads\New_WEC_Fault_detection\WEC-Sim\demostage\Matlab\reference_ar_hstp_project\dataset_reference_ideal\run00247_seed010_sev080_Hs160_Tp720.csv,960000,959999.999999998,2.5465851649642e-15,1.74622982740402e-09,2.60406741278945e-15,0,1
248,State3_Energetic,1.6,7.2,0.28249,10,train,pto_damping_loss,0.6,720000,C:\Users\Vissal\Downloads\New_WEC_Fault_detection\WEC-Sim\demostage\Matlab\reference_ar_hstp_project\dataset_reference_ideal\run00248_seed010_sev060_Hs160_Tp720.csv,720000,719999.999999999,1.45519152283669e-15,1.51339918375015e-09,2.7323626334395e-15,0,1
249,State3_Energetic,1.6,7.2,0.28249,10,train,pto_damping_loss,0.4,480000,C:\Users\Vissal\Downloads\New_WEC_Fault_detection\WEC-Sim\demostage\Matlab\reference_ar_hstp_project\dataset_reference_ideal\run00249_seed010_sev040_Hs160_Tp720.csv,480000,479999.999999999,1.81898940354586e-15,1.33877620100975e-09,3.27317746776801e-15,0,1
250,State3_Energetic,1.6,7.2,0.28249,10,train,pto_damping_loss,0.2,240000,C:\Users\Vissal\Downloads\New_WEC_Fault_detection\WEC-Sim\demostage\Matlab\reference_ar_hstp_project\dataset_reference_ideal\run00250_seed010_sev020_Hs160_Tp720.csv,240000,240000,9.70127681891124e-16,1.36788003146648e-09,5.9964933503047e-15,0,1
251,State3_Energetic,1.6,7.2,0.28249,11,train,healthy,1,1200000,C:\Users\Vissal\Downloads\New_WEC_Fault_detection\WEC-Sim\demostage\Matlab\reference_ar_hstp_project\dataset_reference_ideal\run00251_seed011_sev100_Hs160_Tp720.csv,1200000,1200000,1.16415321826935e-15,2.09547579288483e-09,2.57799927291918e-15,0,1
252,State3_Energetic,1.6,7.2,0.28249,11,train,pto_damping_loss,0.8,960000,C:\Users\Vissal\Downloads\New_WEC_Fault_detection\WEC-Sim\demostage\Matlab\reference_ar_hstp_project\dataset_reference_ideal\run00252_seed011_sev080_Hs160_Tp720.csv,960000,959999.999999999,1.09139364212751e-15,1.74622982740402e-09,2.49973714385661e-15,0,1
253,State3_Energetic,1.6,7.2,0.28249,11,train,pto_damping_loss,0.6,720000,C:\Users\Vissal\Downloads\New_WEC_Fault_detection\WEC-Sim\demostage\Matlab\reference_ar_hstp_project\dataset_reference_ideal\run00253_seed011_sev060_Hs160_Tp720.csv,720000,719999.999999997,3.88051072756449e-15,1.48429535329342e-09,2.63059269480658e-15,0,1
254,State3_Energetic,1.6,7.2,0.28249,11,train,pto_damping_loss,0.4,480000,C:\Users\Vissal\Downloads\New_WEC_Fault_detection\WEC-Sim\demostage\Matlab\reference_ar_hstp_project\dataset_reference_ideal\run00254_seed011_sev040_Hs160_Tp720.csv,480000,479999.999999999,2.5465851649642e-15,1.39698386192322e-09,3.45757431301867e-15,0,1
255,State3_Energetic,1.6,7.2,0.28249,11,train,pto_damping_loss,0.2,240000,C:\Users\Vissal\Downloads\New_WEC_Fault_detection\WEC-Sim\demostage\Matlab\reference_ar_hstp_project\dataset_reference_ideal\run00255_seed011_sev020_Hs160_Tp720.csv,240000,239999.999999999,2.18278728425503e-15,1.43336364999413e-09,6.62502618395838e-15,0,1
256,State3_Energetic,1.6,7.2,0.28249,12,train,healthy,1,1200000,C:\Users\Vissal\Downloads\New_WEC_Fault_detection\WEC-Sim\demostage\Matlab\reference_ar_hstp_project\dataset_reference_ideal\run00256_seed012_sev100_Hs160_Tp720.csv,1200000,1200000,1.5522042910258e-15,2.3283064365387e-09,2.53626034294301e-15,0,1
257,State3_Energetic,1.6,7.2,0.28249,12,train,pto_damping_loss,0.8,960000,C:\Users\Vissal\Downloads\New_WEC_Fault_detection\WEC-Sim\demostage\Matlab\reference_ar_hstp_project\dataset_reference_ideal\run00257_seed012_sev080_Hs160_Tp720.csv,960000,959999.999999998,2.06152132401864e-15,2.09547579288483e-09,2.63127514124162e-15,0,1
258,State3_Energetic,1.6,7.2,0.28249,12,train,pto_damping_loss,0.6,720000,C:\Users\Vissal\Downloads\New_WEC_Fault_detection\WEC-Sim\demostage\Matlab\reference_ar_hstp_project\dataset_reference_ideal\run00258_seed012_sev060_Hs160_Tp720.csv,720000,719999.999999996,5.49739019738303e-15,1.74622982740402e-09,2.68138043799306e-15,0,1
259,State3_Energetic,1.6,7.2,0.28249,12,train,pto_damping_loss,0.4,480000,C:\Users\Vissal\Downloads\New_WEC_Fault_detection\WEC-Sim\demostage\Matlab\reference_ar_hstp_project\dataset_reference_ideal\run00259_seed012_sev040_Hs160_Tp720.csv,480000,479999.999999998,3.15291496614615e-15,1.36788003146648e-09,2.86427983825753e-15,0,1
260,State3_Energetic,1.6,7.2,0.28249,12,train,pto_damping_loss,0.2,240000,C:\Users\Vissal\Downloads\New_WEC_Fault_detection\WEC-Sim\demostage\Matlab\reference_ar_hstp_project\dataset_reference_ideal\run00260_seed012_sev020_Hs160_Tp720.csv,240000,240000,2.42531920472781e-16,1.26601662486792e-09,4.74898604769626e-15,0,1
261,State3_Energetic,1.6,7.2,0.28249,13,validation,healthy,1,1200000,C:\Users\Vissal\Downloads\New_WEC_Fault_detection\WEC-Sim\demostage\Matlab\reference_ar_hstp_project\dataset_reference_ideal\run00261_seed013_sev100_Hs160_Tp720.csv,1200000,1200000,1.94025536378225e-16,2.21189111471176e-09,2.63939772606489e-15,0,1
262,State3_Energetic,1.6,7.2,0.28249,13,validation,pto_damping_loss,0.8,960000,C:\Users\Vissal\Downloads\New_WEC_Fault_detection\WEC-Sim\demostage\Matlab\reference_ar_hstp_project\dataset_reference_ideal\run00262_seed013_sev080_Hs160_Tp720.csv,960000,959999.999999997,3.15291496614615e-15,1.86264514923096e-09,2.55569602701614e-15,0,1
263,State3_Energetic,1.6,7.2,0.28249,13,validation,pto_damping_loss,0.6,720000,C:\Users\Vissal\Downloads\New_WEC_Fault_detection\WEC-Sim\demostage\Matlab\reference_ar_hstp_project\dataset_reference_ideal\run00263_seed013_sev060_Hs160_Tp720.csv,720000,719999.999999998,2.91038304567337e-15,1.80443748831749e-09,2.96171569182681e-15,0,1
264,State3_Energetic,1.6,7.2,0.28249,13,validation,pto_damping_loss,0.4,480000,C:\Users\Vissal\Downloads\New_WEC_Fault_detection\WEC-Sim\demostage\Matlab\reference_ar_hstp_project\dataset_reference_ideal\run00264_seed013_sev040_Hs160_Tp720.csv,480000,479999.999999999,2.30405324449142e-15,1.39698386192322e-09,3.04113472163617e-15,0,1
265,State3_Energetic,1.6,7.2,0.28249,13,validation,pto_damping_loss,0.2,240000,C:\Users\Vissal\Downloads\New_WEC_Fault_detection\WEC-Sim\demostage\Matlab\reference_ar_hstp_project\dataset_reference_ideal\run00265_seed013_sev020_Hs160_Tp720.csv,240000,240000,1.09139364212751e-15,1.54250301420689e-09,5.81783693594295e-15,0,1
266,State3_Energetic,1.6,7.2,0.28249,14,validation,healthy,1,1200000,C:\Users\Vissal\Downloads\New_WEC_Fault_detection\WEC-Sim\demostage\Matlab\reference_ar_hstp_project\dataset_reference_ideal\run00266_seed014_sev100_Hs160_Tp720.csv,1200000,1200000,3.68648519118627e-15,2.09547579288483e-09,2.38262285784678e-15,0,1
267,State3_Energetic,1.6,7.2,0.28249,14,validation,pto_damping_loss,0.8,960000,C:\Users\Vissal\Downloads\New_WEC_Fault_detection\WEC-Sim\demostage\Matlab\reference_ar_hstp_project\dataset_reference_ideal\run00267_seed014_sev080_Hs160_Tp720.csv,960000,959999.999999998,2.42531920472781e-15,1.97906047105789e-09,2.58416508873643e-15,0,1
268,State3_Energetic,1.6,7.2,0.28249,14,validation,pto_damping_loss,0.6,720000,C:\Users\Vissal\Downloads\New_WEC_Fault_detection\WEC-Sim\demostage\Matlab\reference_ar_hstp_project\dataset_reference_ideal\run00268_seed014_sev060_Hs160_Tp720.csv,720000,719999.999999998,2.58700715170966e-15,1.62981450557709e-09,2.58907332322147e-15,0,1
269,State3_Energetic,1.6,7.2,0.28249,14,validation,pto_damping_loss,0.4,480000,C:\Users\Vissal\Downloads\New_WEC_Fault_detection\WEC-Sim\demostage\Matlab\reference_ar_hstp_project\dataset_reference_ideal\run00269_seed014_sev040_Hs160_Tp720.csv,480000,479999.999999999,1.57645748307308e-15,1.57160684466362e-09,3.39183868081182e-15,0,1
270,State3_Energetic,1.6,7.2,0.28249,14,validation,pto_damping_loss,0.2,240000,C:\Users\Vissal\Downloads\New_WEC_Fault_detection\WEC-Sim\demostage\Matlab\reference_ar_hstp_project\dataset_reference_ideal\run00270_seed014_sev020_Hs160_Tp720.csv,240000,240000,3.63797880709171e-16,1.39698386192322e-09,5.30555903094641e-15,0,1
271,State3_Energetic,1.6,7.2,0.28249,15,validation,healthy,1,1200000,C:\Users\Vissal\Downloads\New_WEC_Fault_detection\WEC-Sim\demostage\Matlab\reference_ar_hstp_project\dataset_reference_ideal\run00271_seed015_sev100_Hs160_Tp720.csv,1200000,1200000,1.5522042910258e-15,2.21189111471176e-09,2.52876688040629e-15,0,1
272,State3_Energetic,1.6,7.2,0.28249,15,validation,pto_damping_loss,0.8,960000,C:\Users\Vissal\Downloads\New_WEC_Fault_detection\WEC-Sim\demostage\Matlab\reference_ar_hstp_project\dataset_reference_ideal\run00272_seed015_sev080_Hs160_Tp720.csv,960000,959999.999999998,1.94025536378225e-15,2.09547579288483e-09,2.70199980691314e-15,0,1
273,State3_Energetic,1.6,7.2,0.28249,15,validation,pto_damping_loss,0.6,720000,C:\Users\Vissal\Downloads\New_WEC_Fault_detection\WEC-Sim\demostage\Matlab\reference_ar_hstp_project\dataset_reference_ideal\run00273_seed015_sev060_Hs160_Tp720.csv,720000,719999.999999997,4.68895046247376e-15,1.80443748831749e-09,2.75652745417971e-15,0,1
274,State3_Energetic,1.6,7.2,0.28249,15,validation,pto_damping_loss,0.4,480000,C:\Users\Vissal\Downloads\New_WEC_Fault_detection\WEC-Sim\demostage\Matlab\reference_ar_hstp_project\dataset_reference_ideal\run00274_seed015_sev040_Hs160_Tp720.csv,480000,479999.999999999,2.91038304567337e-15,1.62981450557709e-09,3.28062592709954e-15,0,1
275,State3_Energetic,1.6,7.2,0.28249,15,validation,pto_damping_loss,0.2,240000,C:\Users\Vissal\Downloads\New_WEC_Fault_detection\WEC-Sim\demostage\Matlab\reference_ar_hstp_project\dataset_reference_ideal\run00275_seed015_sev020_Hs160_Tp720.csv,240000,239999.999999999,3.63797880709171e-15,2.05545802600682e-09,7.20934221100961e-15,0,1
276,State3_Energetic,1.6,7.2,0.28249,16,validation,healthy,1,1200000,C:\Users\Vissal\Downloads\New_WEC_Fault_detection\WEC-Sim\demostage\Matlab\reference_ar_hstp_project\dataset_reference_ideal\run00276_seed016_sev100_Hs160_Tp720.csv,1200000,1200000,3.1044085820516e-15,2.3283064365387e-09,2.51316268022445e-15,0,1
277,State3_Energetic,1.6,7.2,0.28249,16,validation,pto_damping_loss,0.8,960000,C:\Users\Vissal\Downloads\New_WEC_Fault_detection\WEC-Sim\demostage\Matlab\reference_ar_hstp_project\dataset_reference_ideal\run00277_seed016_sev080_Hs160_Tp720.csv,960000,959999.999999997,3.15291496614615e-15,2.21189111471176e-09,2.69212140436736e-15,0,1
278,State3_Energetic,1.6,7.2,0.28249,16,validation,pto_damping_loss,0.6,720000,C:\Users\Vissal\Downloads\New_WEC_Fault_detection\WEC-Sim\demostage\Matlab\reference_ar_hstp_project\dataset_reference_ideal\run00278_seed016_sev060_Hs160_Tp720.csv,720000,720000.000000001,1.77856741680039e-15,1.86264514923096e-09,2.69898927352733e-15,0,1
279,State3_Energetic,1.6,7.2,0.28249,16,validation,pto_damping_loss,0.4,480000,C:\Users\Vissal\Downloads\New_WEC_Fault_detection\WEC-Sim\demostage\Matlab\reference_ar_hstp_project\dataset_reference_ideal\run00279_seed016_sev040_Hs160_Tp720.csv,480000,479999.999999999,1.94025536378225e-15,1.57160684466362e-09,2.9938389465892e-15,0,1
280,State3_Energetic,1.6,7.2,0.28249,16,validation,pto_damping_loss,0.2,240000,C:\Users\Vissal\Downloads\New_WEC_Fault_detection\WEC-Sim\demostage\Matlab\reference_ar_hstp_project\dataset_reference_ideal\run00280_seed016_sev020_Hs160_Tp720.csv,240000,240000,4.85063840945562e-16,1.45519152283669e-09,4.75948757898909e-15,0,1
281,State3_Energetic,1.6,7.2,0.28249,17,test,healthy,1,1200000,C:\Users\Vissal\Downloads\New_WEC_Fault_detection\WEC-Sim\demostage\Matlab\reference_ar_hstp_project\dataset_reference_ideal\run00281_seed017_sev100_Hs160_Tp720.csv,1200000,1200000,2.91038304567337e-15,2.3283064365387e-09,2.4870159229775e-15,0,1
282,State3_Energetic,1.6,7.2,0.28249,17,test,pto_damping_loss,0.8,960000,C:\Users\Vissal\Downloads\New_WEC_Fault_detection\WEC-Sim\demostage\Matlab\reference_ar_hstp_project\dataset_reference_ideal\run00282_seed017_sev080_Hs160_Tp720.csv,960000,960000.000000002,1.69772344330947e-15,2.09547579288483e-09,2.58628574267136e-15,0,1
283,State3_Energetic,1.6,7.2,0.28249,17,test,pto_damping_loss,0.6,720000,C:\Users\Vissal\Downloads\New_WEC_Fault_detection\WEC-Sim\demostage\Matlab\reference_ar_hstp_project\dataset_reference_ideal\run00283_seed017_sev060_Hs160_Tp720.csv,720000,720000,3.23375893963708e-16,1.80443748831749e-09,2.73845859990802e-15,0,1
284,State3_Energetic,1.6,7.2,0.28249,17,test,pto_damping_loss,0.4,480000,C:\Users\Vissal\Downloads\New_WEC_Fault_detection\WEC-Sim\demostage\Matlab\reference_ar_hstp_project\dataset_reference_ideal\run00284_seed017_sev040_Hs160_Tp720.csv,480000,480000.000000001,1.81898940354586e-15,1.57160684466362e-09,3.30161514748748e-15,0,1
285,State3_Energetic,1.6,7.2,0.28249,17,test,pto_damping_loss,0.2,240000,C:\Users\Vissal\Downloads\New_WEC_Fault_detection\WEC-Sim\demostage\Matlab\reference_ar_hstp_project\dataset_reference_ideal\run00285_seed017_sev020_Hs160_Tp720.csv,240000,239999.999999999,3.15291496614615e-15,1.39698386192322e-09,5.42981213689339e-15,0,1
286,State3_Energetic,1.6,7.2,0.28249,18,test,healthy,1,1200000,C:\Users\Vissal\Downloads\New_WEC_Fault_detection\WEC-Sim\demostage\Matlab\reference_ar_hstp_project\dataset_reference_ideal\run00286_seed018_sev100_Hs160_Tp720.csv,1200000,1200000,2.13428090016047e-15,1.74622982740402e-09,2.37903644059867e-15,0,1
287,State3_Energetic,1.6,7.2,0.28249,18,test,pto_damping_loss,0.8,960000,C:\Users\Vissal\Downloads\New_WEC_Fault_detection\WEC-Sim\demostage\Matlab\reference_ar_hstp_project\dataset_reference_ideal\run00287_seed018_sev080_Hs160_Tp720.csv,960000,959999.999999996,4.48684052874645e-15,1.62981450557709e-09,2.54512793510128e-15,0,1
288,State3_Energetic,1.6,7.2,0.28249,18,test,pto_damping_loss,0.6,720000,C:\Users\Vissal\Downloads\New_WEC_Fault_detection\WEC-Sim\demostage\Matlab\reference_ar_hstp_project\dataset_reference_ideal\run00288_seed018_sev060_Hs160_Tp720.csv,720000,719999.999999998,3.07207099265522e-15,1.45519152283669e-09,2.76975287531037e-15,0,1
289,State3_Energetic,1.6,7.2,0.28249,18,test,pto_damping_loss,0.4,480000,C:\Users\Vissal\Downloads\New_WEC_Fault_detection\WEC-Sim\demostage\Matlab\reference_ar_hstp_project\dataset_reference_ideal\run00289_seed018_sev040_Hs160_Tp720.csv,480000,479999.999999998,4.12304264803727e-15,1.33877620100975e-09,3.38631830167077e-15,0,1
290,State3_Energetic,1.6,7.2,0.28249,18,test,pto_damping_loss,0.2,240000,C:\Users\Vissal\Downloads\New_WEC_Fault_detection\WEC-Sim\demostage\Matlab\reference_ar_hstp_project\dataset_reference_ideal\run00290_seed018_sev020_Hs160_Tp720.csv,240000,239999.999999999,4.97190436969201e-15,1.23691279441118e-09,5.39990252106489e-15,0,1
291,State3_Energetic,1.6,7.2,0.28249,19,test,healthy,1,1200000,C:\Users\Vissal\Downloads\New_WEC_Fault_detection\WEC-Sim\demostage\Matlab\reference_ar_hstp_project\dataset_reference_ideal\run00291_seed019_sev100_Hs160_Tp720.csv,1200000,1200000,1.35817875464757e-15,1.86264514923096e-09,2.48908977671426e-15,0,1
292,State3_Energetic,1.6,7.2,0.28249,19,test,pto_damping_loss,0.8,960000,C:\Users\Vissal\Downloads\New_WEC_Fault_detection\WEC-Sim\demostage\Matlab\reference_ar_hstp_project\dataset_reference_ideal\run00292_seed019_sev080_Hs160_Tp720.csv,960000,960000,4.85063840945562e-16,1.62981450557709e-09,2.5288201241662e-15,0,1
293,State3_Energetic,1.6,7.2,0.28249,19,test,pto_damping_loss,0.6,720000,C:\Users\Vissal\Downloads\New_WEC_Fault_detection\WEC-Sim\demostage\Matlab\reference_ar_hstp_project\dataset_reference_ideal\run00293_seed019_sev060_Hs160_Tp720.csv,720000,719999.999999997,3.88051072756449e-15,1.57160684466362e-09,2.92039050221855e-15,0,1
294,State3_Energetic,1.6,7.2,0.28249,19,test,pto_damping_loss,0.4,480000,C:\Users\Vissal\Downloads\New_WEC_Fault_detection\WEC-Sim\demostage\Matlab\reference_ar_hstp_project\dataset_reference_ideal\run00294_seed019_sev040_Hs160_Tp720.csv,480000,480000,3.63797880709171e-16,1.60071067512035e-09,3.92330759821909e-15,0,1
295,State3_Energetic,1.6,7.2,0.28249,19,test,pto_damping_loss,0.2,240000,C:\Users\Vissal\Downloads\New_WEC_Fault_detection\WEC-Sim\demostage\Matlab\reference_ar_hstp_project\dataset_reference_ideal\run00295_seed019_sev020_Hs160_Tp720.csv,240000,240000,1.2126596023639e-16,1.33877620100975e-09,5.65243744764819e-15,0,1
296,State3_Energetic,1.6,7.2,0.28249,20,test,healthy,1,1200000,C:\Users\Vissal\Downloads\New_WEC_Fault_detection\WEC-Sim\demostage\Matlab\reference_ar_hstp_project\dataset_reference_ideal\run00296_seed020_sev100_Hs160_Tp720.csv,1200000,1200000,7.76102145512899e-16,2.44472175836563e-09,2.48366540662283e-15,0,1
297,State3_Energetic,1.6,7.2,0.28249,20,test,pto_damping_loss,0.8,960000,C:\Users\Vissal\Downloads\New_WEC_Fault_detection\WEC-Sim\demostage\Matlab\reference_ar_hstp_project\dataset_reference_ideal\run00297_seed020_sev080_Hs160_Tp720.csv,960000,959999.999999998,1.81898940354586e-15,2.09547579288483e-09,2.44620261572545e-15,0,1
298,State3_Energetic,1.6,7.2,0.28249,20,test,pto_damping_loss,0.6,720000,C:\Users\Vissal\Downloads\New_WEC_Fault_detection\WEC-Sim\demostage\Matlab\reference_ar_hstp_project\dataset_reference_ideal\run00298_seed020_sev060_Hs160_Tp720.csv,720000,719999.999999999,9.70127681891124e-16,2.03726813197136e-09,2.90487153916086e-15,0,1
299,State3_Energetic,1.6,7.2,0.28249,20,test,pto_damping_loss,0.4,480000,C:\Users\Vissal\Downloads\New_WEC_Fault_detection\WEC-Sim\demostage\Matlab\reference_ar_hstp_project\dataset_reference_ideal\run00299_seed020_sev040_Hs160_Tp720.csv,480000,479999.999999997,5.33570225040118e-15,1.92085281014442e-09,3.74486456610305e-15,0,1
300,State3_Energetic,1.6,7.2,0.28249,20,test,pto_damping_loss,0.2,240000,C:\Users\Vissal\Downloads\New_WEC_Fault_detection\WEC-Sim\demostage\Matlab\reference_ar_hstp_project\dataset_reference_ideal\run00300_seed020_sev020_Hs160_Tp720.csv,240000,240000,1.2126596023639e-15,1.23691279441118e-09,4.39368941444364e-15,0,1
301,State4_LongPeriodSwell,1.6,10,0.109868,1,train,healthy,1,1200000,C:\Users\Vissal\Downloads\New_WEC_Fault_detection\WEC-Sim\demostage\Matlab\reference_ar_hstp_project\dataset_reference_ideal\run00301_seed001_sev100_Hs160_Tp1000.csv,1200000,1200000,3.88051072756449e-16,1.86264514923096e-09,2.33711684921455e-15,0,1
302,State4_LongPeriodSwell,1.6,10,0.109868,1,train,pto_damping_loss,0.8,960000,C:\Users\Vissal\Downloads\New_WEC_Fault_detection\WEC-Sim\demostage\Matlab\reference_ar_hstp_project\dataset_reference_ideal\run00302_seed001_sev080_Hs160_Tp1000.csv,960000,959999.999999999,1.33392556260029e-15,1.74622982740402e-09,2.60498094521644e-15,0,1
303,State4_LongPeriodSwell,1.6,10,0.109868,1,train,pto_damping_loss,0.6,720000,C:\Users\Vissal\Downloads\New_WEC_Fault_detection\WEC-Sim\demostage\Matlab\reference_ar_hstp_project\dataset_reference_ideal\run00303_seed001_sev060_Hs160_Tp1000.csv,720000,719999.999999999,1.61687946981854e-15,1.45519152283669e-09,2.7446076205215e-15,0,1
304,State4_LongPeriodSwell,1.6,10,0.109868,1,train,pto_damping_loss,0.4,480000,C:\Users\Vissal\Downloads\New_WEC_Fault_detection\WEC-Sim\demostage\Matlab\reference_ar_hstp_project\dataset_reference_ideal\run00304_seed001_sev040_Hs160_Tp1000.csv,480000,479999.999999999,2.5465851649642e-15,1.04773789644241e-09,2.79870752055042e-15,0,1
305,State4_LongPeriodSwell,1.6,10,0.109868,1,train,pto_damping_loss,0.2,240000,C:\Users\Vissal\Downloads\New_WEC_Fault_detection\WEC-Sim\demostage\Matlab\reference_ar_hstp_project\dataset_reference_ideal\run00305_seed001_sev020_Hs160_Tp1000.csv,240000,239999.999999999,2.5465851649642e-15,1.13504938781261e-09,5.68969667197463e-15,0,1
306,State4_LongPeriodSwell,1.6,10,0.109868,2,train,healthy,1,1200000,C:\Users\Vissal\Downloads\New_WEC_Fault_detection\WEC-Sim\demostage\Matlab\reference_ar_hstp_project\dataset_reference_ideal\run00306_seed002_sev100_Hs160_Tp1000.csv,1200000,1200000,2.91038304567337e-15,1.74622982740402e-09,2.51447889671699e-15,0,1
307,State4_LongPeriodSwell,1.6,10,0.109868,2,train,pto_damping_loss,0.8,960000,C:\Users\Vissal\Downloads\New_WEC_Fault_detection\WEC-Sim\demostage\Matlab\reference_ar_hstp_project\dataset_reference_ideal\run00307_seed002_sev080_Hs160_Tp1000.csv,960000,959999.999999997,3.63797880709171e-15,1.51339918375015e-09,2.6288630406931e-15,0,1
308,State4_LongPeriodSwell,1.6,10,0.109868,2,train,pto_damping_loss,0.6,720000,C:\Users\Vissal\Downloads\New_WEC_Fault_detection\WEC-Sim\demostage\Matlab\reference_ar_hstp_project\dataset_reference_ideal\run00308_seed002_sev060_Hs160_Tp1000.csv,720000,720000,6.46751787927416e-16,1.22236087918282e-09,2.72404493080415e-15,0,1
309,State4_LongPeriodSwell,1.6,10,0.109868,2,train,pto_damping_loss,0.4,480000,C:\Users\Vissal\Downloads\New_WEC_Fault_detection\WEC-Sim\demostage\Matlab\reference_ar_hstp_project\dataset_reference_ideal\run00309_seed002_sev040_Hs160_Tp1000.csv,480000,479999.999999998,3.27418092638254e-15,9.31322574615479e-10,2.94796767722333e-15,0,1
310,State4_LongPeriodSwell,1.6,10,0.109868,2,train,pto_damping_loss,0.2,240000,C:\Users\Vissal\Downloads\New_WEC_Fault_detection\WEC-Sim\demostage\Matlab\reference_ar_hstp_project\dataset_reference_ideal\run00310_seed002_sev020_Hs160_Tp1000.csv,240000,239999.999999999,2.18278728425503e-15,9.51331458054483e-10,5.57082964362872e-15,0,1
311,State4_LongPeriodSwell,1.6,10,0.109868,3,train,healthy,1,1200000,C:\Users\Vissal\Downloads\New_WEC_Fault_detection\WEC-Sim\demostage\Matlab\reference_ar_hstp_project\dataset_reference_ideal\run00311_seed003_sev100_Hs160_Tp1000.csv,1200000,1200000,7.76102145512899e-16,1.62981450557709e-09,2.50858686218661e-15,0,1
312,State4_LongPeriodSwell,1.6,10,0.109868,3,train,pto_damping_loss,0.8,960000,C:\Users\Vissal\Downloads\New_WEC_Fault_detection\WEC-Sim\demostage\Matlab\reference_ar_hstp_project\dataset_reference_ideal\run00312_seed003_sev080_Hs160_Tp1000.csv,960000,959999.999999996,4.12304264803727e-15,1.51339918375015e-09,2.75164401606975e-15,0,1
313,State4_LongPeriodSwell,1.6,10,0.109868,3,train,pto_damping_loss,0.6,720000,C:\Users\Vissal\Downloads\New_WEC_Fault_detection\WEC-Sim\demostage\Matlab\reference_ar_hstp_project\dataset_reference_ideal\run00313_seed003_sev060_Hs160_Tp1000.csv,720000,720000,3.23375893963708e-16,1.16415321826935e-09,2.6255942448124e-15,0,1
314,State4_LongPeriodSwell,1.6,10,0.109868,3,train,pto_damping_loss,0.4,480000,C:\Users\Vissal\Downloads\New_WEC_Fault_detection\WEC-Sim\demostage\Matlab\reference_ar_hstp_project\dataset_reference_ideal\run00314_seed003_sev040_Hs160_Tp1000.csv,480000,479999.999999999,1.57645748307308e-15,9.60426405072212e-10,2.9934637406031e-15,0,1
315,State4_LongPeriodSwell,1.6,10,0.109868,3,train,pto_damping_loss,0.2,240000,C:\Users\Vissal\Downloads\New_WEC_Fault_detection\WEC-Sim\demostage\Matlab\reference_ar_hstp_project\dataset_reference_ideal\run00315_seed003_sev020_Hs160_Tp1000.csv,240000,240000,1.33392556260029e-15,1.26783561427146e-09,7.1887244592334e-15,0,1
316,State4_LongPeriodSwell,1.6,10,0.109868,4,train,healthy,1,1200000,C:\Users\Vissal\Downloads\New_WEC_Fault_detection\WEC-Sim\demostage\Matlab\reference_ar_hstp_project\dataset_reference_ideal\run00316_seed004_sev100_Hs160_Tp1000.csv,1200000,1200000,3.49245965480804e-15,2.21189111471176e-09,2.48787179220334e-15,0,1
317,State4_LongPeriodSwell,1.6,10,0.109868,4,train,pto_damping_loss,0.8,960000,C:\Users\Vissal\Downloads\New_WEC_Fault_detection\WEC-Sim\demostage\Matlab\reference_ar_hstp_project\dataset_reference_ideal\run00317_seed004_sev080_Hs160_Tp1000.csv,960000,959999.999999998,1.57645748307308e-15,1.86264514923096e-09,2.48515724093599e-15,0,1
318,State4_LongPeriodSwell,1.6,10,0.109868,4,train,pto_damping_loss,0.6,720000,C:\Users\Vissal\Downloads\New_WEC_Fault_detection\WEC-Sim\demostage\Matlab\reference_ar_hstp_project\dataset_reference_ideal\run00318_seed004_sev060_Hs160_Tp1000.csv,720000,719999.999999999,1.61687946981854e-15,1.51339918375015e-09,2.53833777885932e-15,0,1
319,State4_LongPeriodSwell,1.6,10,0.109868,4,train,pto_damping_loss,0.4,480000,C:\Users\Vissal\Downloads\New_WEC_Fault_detection\WEC-Sim\demostage\Matlab\reference_ar_hstp_project\dataset_reference_ideal\run00319_seed004_sev040_Hs160_Tp1000.csv,480000,479999.999999999,1.09139364212751e-15,1.28056854009628e-09,2.98561262457448e-15,0,1
320,State4_LongPeriodSwell,1.6,10,0.109868,4,train,pto_damping_loss,0.2,240000,C:\Users\Vissal\Downloads\New_WEC_Fault_detection\WEC-Sim\demostage\Matlab\reference_ar_hstp_project\dataset_reference_ideal\run00320_seed004_sev020_Hs160_Tp1000.csv,240000,240000,3.63797880709171e-16,1.13504938781261e-09,4.73839042440649e-15,0,1
321,State4_LongPeriodSwell,1.6,10,0.109868,5,train,healthy,1,1200000,C:\Users\Vissal\Downloads\New_WEC_Fault_detection\WEC-Sim\demostage\Matlab\reference_ar_hstp_project\dataset_reference_ideal\run00321_seed005_sev100_Hs160_Tp1000.csv,1200000,1200000,7.76102145512899e-16,2.21189111471176e-09,2.51288175302616e-15,0,1
322,State4_LongPeriodSwell,1.6,10,0.109868,5,train,pto_damping_loss,0.8,960000,C:\Users\Vissal\Downloads\New_WEC_Fault_detection\WEC-Sim\demostage\Matlab\reference_ar_hstp_project\dataset_reference_ideal\run00322_seed005_sev080_Hs160_Tp1000.csv,960000,960000,0,1.86264514923096e-09,2.514776699565e-15,0,1
323,State4_LongPeriodSwell,1.6,10,0.109868,5,train,pto_damping_loss,0.6,720000,C:\Users\Vissal\Downloads\New_WEC_Fault_detection\WEC-Sim\demostage\Matlab\reference_ar_hstp_project\dataset_reference_ideal\run00323_seed005_sev060_Hs160_Tp1000.csv,720000,719999.999999998,3.23375893963708e-15,1.57160684466362e-09,2.68156253019508e-15,0,1
324,State4_LongPeriodSwell,1.6,10,0.109868,5,train,pto_damping_loss,0.4,480000,C:\Users\Vissal\Downloads\New_WEC_Fault_detection\WEC-Sim\demostage\Matlab\reference_ar_hstp_project\dataset_reference_ideal\run00324_seed005_sev040_Hs160_Tp1000.csv,480000,479999.999999998,3.39544688661893e-15,1.33877620100975e-09,3.2321716717504e-15,0,1
325,State4_LongPeriodSwell,1.6,10,0.109868,5,train,pto_damping_loss,0.2,240000,C:\Users\Vissal\Downloads\New_WEC_Fault_detection\WEC-Sim\demostage\Matlab\reference_ar_hstp_project\dataset_reference_ideal\run00325_seed005_sev020_Hs160_Tp1000.csv,240000,240000,1.57645748307308e-15,1.06228981167078e-09,4.81761035076125e-15,0,1
326,State4_LongPeriodSwell,1.6,10,0.109868,6,train,healthy,1,1200000,C:\Users\Vissal\Downloads\New_WEC_Fault_detection\WEC-Sim\demostage\Matlab\reference_ar_hstp_project\dataset_reference_ideal\run00326_seed006_sev100_Hs160_Tp1000.csv,1200000,1200000,2.13428090016047e-15,1.97906047105789e-09,2.46686560605511e-15,0,1
327,State4_LongPeriodSwell,1.6,10,0.109868,6,train,pto_damping_loss,0.8,960000,C:\Users\Vissal\Downloads\New_WEC_Fault_detection\WEC-Sim\demostage\Matlab\reference_ar_hstp_project\dataset_reference_ideal\run00327_seed006_sev080_Hs160_Tp1000.csv,960000,959999.999999997,2.66785112520059e-15,1.62981450557709e-09,2.44877487565375e-15,0,1
328,State4_LongPeriodSwell,1.6,10,0.109868,6,train,pto_damping_loss,0.6,720000,C:\Users\Vissal\Downloads\New_WEC_Fault_detection\WEC-Sim\demostage\Matlab\reference_ar_hstp_project\dataset_reference_ideal\run00328_seed006_sev060_Hs160_Tp1000.csv,720000,719999.999999999,1.94025536378225e-15,1.51339918375015e-09,2.93611294996748e-15,0,1
329,State4_LongPeriodSwell,1.6,10,0.109868,6,train,pto_damping_loss,0.4,480000,C:\Users\Vissal\Downloads\New_WEC_Fault_detection\WEC-Sim\demostage\Matlab\reference_ar_hstp_project\dataset_reference_ideal\run00329_seed006_sev040_Hs160_Tp1000.csv,480000,479999.999999999,2.91038304567337e-15,1.33877620100975e-09,3.64724685315537e-15,0,1
330,State4_LongPeriodSwell,1.6,10,0.109868,6,train,pto_damping_loss,0.2,240000,C:\Users\Vissal\Downloads\New_WEC_Fault_detection\WEC-Sim\demostage\Matlab\reference_ar_hstp_project\dataset_reference_ideal\run00330_seed006_sev020_Hs160_Tp1000.csv,240000,240000,1.2126596023639e-16,1.23691279441118e-09,6.24149937645715e-15,0,1
331,State4_LongPeriodSwell,1.6,10,0.109868,7,train,healthy,1,1200000,C:\Users\Vissal\Downloads\New_WEC_Fault_detection\WEC-Sim\demostage\Matlab\reference_ar_hstp_project\dataset_reference_ideal\run00331_seed007_sev100_Hs160_Tp1000.csv,1200000,1200000,5.82076609134674e-16,1.74622982740402e-09,2.47713151948453e-15,0,1
332,State4_LongPeriodSwell,1.6,10,0.109868,7,train,pto_damping_loss,0.8,960000,C:\Users\Vissal\Downloads\New_WEC_Fault_detection\WEC-Sim\demostage\Matlab\reference_ar_hstp_project\dataset_reference_ideal\run00332_seed007_sev080_Hs160_Tp1000.csv,960000,959999.999999999,8.48861721654733e-16,1.45519152283669e-09,2.47799011768184e-15,0,1
333,State4_LongPeriodSwell,1.6,10,0.109868,7,train,pto_damping_loss,0.6,720000,C:\Users\Vissal\Downloads\New_WEC_Fault_detection\WEC-Sim\demostage\Matlab\reference_ar_hstp_project\dataset_reference_ideal\run00333_seed007_sev060_Hs160_Tp1000.csv,720000,719999.999999998,2.74869509869152e-15,1.22236087918282e-09,2.66032255204373e-15,0,1
334,State4_LongPeriodSwell,1.6,10,0.109868,7,train,pto_damping_loss,0.4,480000,C:\Users\Vissal\Downloads\New_WEC_Fault_detection\WEC-Sim\demostage\Matlab\reference_ar_hstp_project\dataset_reference_ideal\run00334_seed007_sev040_Hs160_Tp1000.csv,480000,479999.999999998,3.39544688661893e-15,1.03318598121405e-09,3.11353714530109e-15,0,1
335,State4_LongPeriodSwell,1.6,10,0.109868,7,train,pto_damping_loss,0.2,240000,C:\Users\Vissal\Downloads\New_WEC_Fault_detection\WEC-Sim\demostage\Matlab\reference_ar_hstp_project\dataset_reference_ideal\run00335_seed007_sev020_Hs160_Tp1000.csv,240000,239999.999999999,2.42531920472781e-15,1.07684172689915e-09,5.82988334756654e-15,0,1
336,State4_LongPeriodSwell,1.6,10,0.109868,8,train,healthy,1,1200000,C:\Users\Vissal\Downloads\New_WEC_Fault_detection\WEC-Sim\demostage\Matlab\reference_ar_hstp_project\dataset_reference_ideal\run00336_seed008_sev100_Hs160_Tp1000.csv,1200000,1200000,2.52233197291692e-15,1.97906047105789e-09,2.43778595453926e-15,0,1
337,State4_LongPeriodSwell,1.6,10,0.109868,8,train,pto_damping_loss,0.8,960000,C:\Users\Vissal\Downloads\New_WEC_Fault_detection\WEC-Sim\demostage\Matlab\reference_ar_hstp_project\dataset_reference_ideal\run00337_seed008_sev080_Hs160_Tp1000.csv,960000,959999.999999998,1.81898940354586e-15,1.62981450557709e-09,2.45219164788956e-15,0,1
338,State4_LongPeriodSwell,1.6,10,0.109868,8,train,pto_damping_loss,0.6,720000,C:\Users\Vissal\Downloads\New_WEC_Fault_detection\WEC-Sim\demostage\Matlab\reference_ar_hstp_project\dataset_reference_ideal\run00338_seed008_sev060_Hs160_Tp1000.csv,720000,719999.999999997,3.55713483360079e-15,1.39698386192322e-09,2.72144240178773e-15,0,1
339,State4_LongPeriodSwell,1.6,10,0.109868,8,train,pto_damping_loss,0.4,480000,C:\Users\Vissal\Downloads\New_WEC_Fault_detection\WEC-Sim\demostage\Matlab\reference_ar_hstp_project\dataset_reference_ideal\run00339_seed008_sev040_Hs160_Tp1000.csv,480000,480000,8.48861721654733e-16,1.04773789644241e-09,2.90004532884775e-15,0,1
340,State4_LongPeriodSwell,1.6,10,0.109868,8,train,pto_damping_loss,0.2,240000,C:\Users\Vissal\Downloads\New_WEC_Fault_detection\WEC-Sim\demostage\Matlab\reference_ar_hstp_project\dataset_reference_ideal\run00340_seed008_sev020_Hs160_Tp1000.csv,240000,239999.999999999,2.66785112520059e-15,9.02218744158745e-10,4.71410493165633e-15,0,1
341,State4_LongPeriodSwell,1.6,10,0.109868,9,train,healthy,1,1200000,C:\Users\Vissal\Downloads\New_WEC_Fault_detection\WEC-Sim\demostage\Matlab\reference_ar_hstp_project\dataset_reference_ideal\run00341_seed009_sev100_Hs160_Tp1000.csv,1200000,1200000,2.3283064365387e-15,1.97906047105789e-09,2.40665622751813e-15,0,1
342,State4_LongPeriodSwell,1.6,10,0.109868,9,train,pto_damping_loss,0.8,960000,C:\Users\Vissal\Downloads\New_WEC_Fault_detection\WEC-Sim\demostage\Matlab\reference_ar_hstp_project\dataset_reference_ideal\run00342_seed009_sev080_Hs160_Tp1000.csv,960000,959999.999999998,1.81898940354586e-15,1.74622982740402e-09,2.54275977705612e-15,0,1
343,State4_LongPeriodSwell,1.6,10,0.109868,9,train,pto_damping_loss,0.6,720000,C:\Users\Vissal\Downloads\New_WEC_Fault_detection\WEC-Sim\demostage\Matlab\reference_ar_hstp_project\dataset_reference_ideal\run00343_seed009_sev060_Hs160_Tp1000.csv,720000,719999.999999998,2.58700715170966e-15,1.51339918375015e-09,2.80688168111442e-15,0,1
344,State4_LongPeriodSwell,1.6,10,0.109868,9,train,pto_damping_loss,0.4,480000,C:\Users\Vissal\Downloads\New_WEC_Fault_detection\WEC-Sim\demostage\Matlab\reference_ar_hstp_project\dataset_reference_ideal\run00344_seed009_sev040_Hs160_Tp1000.csv,480000,480000,6.06329801181952e-16,1.33877620100975e-09,3.54390288208779e-15,0,1
345,State4_LongPeriodSwell,1.6,10,0.109868,9,train,pto_damping_loss,0.2,240000,C:\Users\Vissal\Downloads\New_WEC_Fault_detection\WEC-Sim\demostage\Matlab\reference_ar_hstp_project\dataset_reference_ideal\run00345_seed009_sev020_Hs160_Tp1000.csv,240000,240000,8.48861721654733e-16,1.22236087918282e-09,6.12447597917099e-15,0,1
346,State4_LongPeriodSwell,1.6,10,0.109868,10,train,healthy,1,1200000,C:\Users\Vissal\Downloads\New_WEC_Fault_detection\WEC-Sim\demostage\Matlab\reference_ar_hstp_project\dataset_reference_ideal\run00346_seed010_sev100_Hs160_Tp1000.csv,1200000,1200000,1.94025536378225e-15,1.86264514923096e-09,2.37535124173525e-15,0,1
347,State4_LongPeriodSwell,1.6,10,0.109868,10,train,pto_damping_loss,0.8,960000,C:\Users\Vissal\Downloads\New_WEC_Fault_detection\WEC-Sim\demostage\Matlab\reference_ar_hstp_project\dataset_reference_ideal\run00347_seed010_sev080_Hs160_Tp1000.csv,960000,959999.999999996,3.7592447673281e-15,1.62981450557709e-09,2.47384956063877e-15,0,1
348,State4_LongPeriodSwell,1.6,10,0.109868,10,train,pto_damping_loss,0.6,720000,C:\Users\Vissal\Downloads\New_WEC_Fault_detection\WEC-Sim\demostage\Matlab\reference_ar_hstp_project\dataset_reference_ideal\run00348_seed010_sev060_Hs160_Tp1000.csv,720000,719999.999999998,2.42531920472781e-15,1.45519152283669e-09,2.78890173324574e-15,0,1
349,State4_LongPeriodSwell,1.6,10,0.109868,10,train,pto_damping_loss,0.4,480000,C:\Users\Vissal\Downloads\New_WEC_Fault_detection\WEC-Sim\demostage\Matlab\reference_ar_hstp_project\dataset_reference_ideal\run00349_seed010_sev040_Hs160_Tp1000.csv,480000,480000,6.06329801181952e-16,9.93168214336038e-10,2.68241784312851e-15,0,1
350,State4_LongPeriodSwell,1.6,10,0.109868,10,train,pto_damping_loss,0.2,240000,C:\Users\Vissal\Downloads\New_WEC_Fault_detection\WEC-Sim\demostage\Matlab\reference_ar_hstp_project\dataset_reference_ideal\run00350_seed010_sev020_Hs160_Tp1000.csv,240000,239999.999999999,2.5465851649642e-15,1.04773789644241e-09,5.25540156386235e-15,0,1
351,State4_LongPeriodSwell,1.6,10,0.109868,11,train,healthy,1,1200000,C:\Users\Vissal\Downloads\New_WEC_Fault_detection\WEC-Sim\demostage\Matlab\reference_ar_hstp_project\dataset_reference_ideal\run00351_seed011_sev100_Hs160_Tp1000.csv,1200000,1200000,5.82076609134674e-16,1.86264514923096e-09,2.60838260035312e-15,0,1
352,State4_LongPeriodSwell,1.6,10,0.109868,11,train,pto_damping_loss,0.8,960000,C:\Users\Vissal\Downloads\New_WEC_Fault_detection\WEC-Sim\demostage\Matlab\reference_ar_hstp_project\dataset_reference_ideal\run00352_seed011_sev080_Hs160_Tp1000.csv,960000,959999.999999999,9.70127681891124e-16,1.39698386192322e-09,2.36999499778491e-15,0,1
353,State4_LongPeriodSwell,1.6,10,0.109868,11,train,pto_damping_loss,0.6,720000,C:\Users\Vissal\Downloads\New_WEC_Fault_detection\WEC-Sim\demostage\Matlab\reference_ar_hstp_project\dataset_reference_ideal\run00353_seed011_sev060_Hs160_Tp1000.csv,720000,719999.999999999,1.61687946981854e-15,1.28056854009628e-09,2.78057524853279e-15,0,1
354,State4_LongPeriodSwell,1.6,10,0.109868,11,train,pto_damping_loss,0.4,480000,C:\Users\Vissal\Downloads\New_WEC_Fault_detection\WEC-Sim\demostage\Matlab\reference_ar_hstp_project\dataset_reference_ideal\run00354_seed011_sev040_Hs160_Tp1000.csv,480000,479999.999999999,2.66785112520059e-15,1.07684172689915e-09,3.25665456941838e-15,0,1
355,State4_LongPeriodSwell,1.6,10,0.109868,11,train,pto_damping_loss,0.2,240000,C:\Users\Vissal\Downloads\New_WEC_Fault_detection\WEC-Sim\demostage\Matlab\reference_ar_hstp_project\dataset_reference_ideal\run00355_seed011_sev020_Hs160_Tp1000.csv,240000,240000,1.94025536378225e-15,9.16770659387112e-10,5.06819233724043e-15,0,1
356,State4_LongPeriodSwell,1.6,10,0.109868,12,train,healthy,1,1200000,C:\Users\Vissal\Downloads\New_WEC_Fault_detection\WEC-Sim\demostage\Matlab\reference_ar_hstp_project\dataset_reference_ideal\run00356_seed012_sev100_Hs160_Tp1000.csv,1200000,1200000,3.49245965480804e-15,2.09547579288483e-09,2.4814246914976e-15,0,1
357,State4_LongPeriodSwell,1.6,10,0.109868,12,train,pto_damping_loss,0.8,960000,C:\Users\Vissal\Downloads\New_WEC_Fault_detection\WEC-Sim\demostage\Matlab\reference_ar_hstp_project\dataset_reference_ideal\run00357_seed012_sev080_Hs160_Tp1000.csv,960000,959999.999999998,1.69772344330947e-15,1.74622982740402e-09,2.49029353393128e-15,0,1
358,State4_LongPeriodSwell,1.6,10,0.109868,12,train,pto_damping_loss,0.6,720000,C:\Users\Vissal\Downloads\New_WEC_Fault_detection\WEC-Sim\demostage\Matlab\reference_ar_hstp_project\dataset_reference_ideal\run00358_seed012_sev060_Hs160_Tp1000.csv,720000,719999.999999999,1.29350357585483e-15,1.51339918375015e-09,2.77099753076269e-15,0,1
359,State4_LongPeriodSwell,1.6,10,0.109868,12,train,pto_damping_loss,0.4,480000,C:\Users\Vissal\Downloads\New_WEC_Fault_detection\WEC-Sim\demostage\Matlab\reference_ar_hstp_project\dataset_reference_ideal\run00359_seed012_sev040_Hs160_Tp1000.csv,480000,479999.999999999,2.42531920472781e-15,1.19325704872608e-09,3.14972209927163e-15,0,1
360,State4_LongPeriodSwell,1.6,10,0.109868,12,train,pto_damping_loss,0.2,240000,C:\Users\Vissal\Downloads\New_WEC_Fault_detection\WEC-Sim\demostage\Matlab\reference_ar_hstp_project\dataset_reference_ideal\run00360_seed012_sev020_Hs160_Tp1000.csv,240000,239999.999999999,2.18278728425503e-15,8.87666828930378e-10,4.49010419001732e-15,0,1
361,State4_LongPeriodSwell,1.6,10,0.109868,13,validation,healthy,1,1200000,C:\Users\Vissal\Downloads\New_WEC_Fault_detection\WEC-Sim\demostage\Matlab\reference_ar_hstp_project\dataset_reference_ideal\run00361_seed013_sev100_Hs160_Tp1000.csv,1200000,1200000,1.35817875464757e-15,1.86264514923096e-09,2.37447244640682e-15,0,1
362,State4_LongPeriodSwell,1.6,10,0.109868,13,validation,pto_damping_loss,0.8,960000,C:\Users\Vissal\Downloads\New_WEC_Fault_detection\WEC-Sim\demostage\Matlab\reference_ar_hstp_project\dataset_reference_ideal\run00362_seed013_sev080_Hs160_Tp1000.csv,960000,959999.999999998,1.57645748307308e-15,1.62981450557709e-09,2.50433302787593e-15,0,1
363,State4_LongPeriodSwell,1.6,10,0.109868,13,validation,pto_damping_loss,0.6,720000,C:\Users\Vissal\Downloads\New_WEC_Fault_detection\WEC-Sim\demostage\Matlab\reference_ar_hstp_project\dataset_reference_ideal\run00363_seed013_sev060_Hs160_Tp1000.csv,720000,719999.999999998,2.26363125774595e-15,1.33877620100975e-09,2.63595696369413e-15,0,1
364,State4_LongPeriodSwell,1.6,10,0.109868,13,validation,pto_damping_loss,0.4,480000,C:\Users\Vissal\Downloads\New_WEC_Fault_detection\WEC-Sim\demostage\Matlab\reference_ar_hstp_project\dataset_reference_ideal\run00364_seed013_sev040_Hs160_Tp1000.csv,480000,479999.999999998,4.00177668780088e-15,1.07684172689915e-09,3.04123278086914e-15,0,1
365,State4_LongPeriodSwell,1.6,10,0.109868,13,validation,pto_damping_loss,0.2,240000,C:\Users\Vissal\Downloads\New_WEC_Fault_detection\WEC-Sim\demostage\Matlab\reference_ar_hstp_project\dataset_reference_ideal\run00365_seed013_sev020_Hs160_Tp1000.csv,240000,239999.999999999,3.39544688661893e-15,9.31322574615479e-10,4.99035222506639e-15,0,1
366,State4_LongPeriodSwell,1.6,10,0.109868,14,validation,healthy,1,1200000,C:\Users\Vissal\Downloads\New_WEC_Fault_detection\WEC-Sim\demostage\Matlab\reference_ar_hstp_project\dataset_reference_ideal\run00366_seed014_sev100_Hs160_Tp1000.csv,1200000,1200000,3.88051072756449e-15,1.97906047105789e-09,2.52963657587421e-15,0,1
367,State4_LongPeriodSwell,1.6,10,0.109868,14,validation,pto_damping_loss,0.8,960000,C:\Users\Vissal\Downloads\New_WEC_Fault_detection\WEC-Sim\demostage\Matlab\reference_ar_hstp_project\dataset_reference_ideal\run00367_seed014_sev080_Hs160_Tp1000.csv,960000,959999.999999997,3.51671284685532e-15,1.74622982740402e-09,2.66020298678701e-15,0,1
368,State4_LongPeriodSwell,1.6,10,0.109868,14,validation,pto_damping_loss,0.6,720000,C:\Users\Vissal\Downloads\New_WEC_Fault_detection\WEC-Sim\demostage\Matlab\reference_ar_hstp_project\dataset_reference_ideal\run00368_seed014_sev060_Hs160_Tp1000.csv,720000,719999.999999998,2.58700715170966e-15,1.33877620100975e-09,2.58694028513763e-15,0,1
369,State4_LongPeriodSwell,1.6,10,0.109868,14,validation,pto_damping_loss,0.4,480000,C:\Users\Vissal\Downloads\New_WEC_Fault_detection\WEC-Sim\demostage\Matlab\reference_ar_hstp_project\dataset_reference_ideal\run00369_seed014_sev040_Hs160_Tp1000.csv,480000,479999.999999999,1.94025536378225e-15,1.10594555735588e-09,3.04182243055383e-15,0,1
370,State4_LongPeriodSwell,1.6,10,0.109868,14,validation,pto_damping_loss,0.2,240000,C:\Users\Vissal\Downloads\New_WEC_Fault_detection\WEC-Sim\demostage\Matlab\reference_ar_hstp_project\dataset_reference_ideal\run00370_seed014_sev020_Hs160_Tp1000.csv,240000,239999.999999999,3.63797880709171e-15,1.00408215075731e-09,5.2297158150608e-15,0,1
371,State4_LongPeriodSwell,1.6,10,0.109868,15,validation,healthy,1,1200000,C:\Users\Vissal\Downloads\New_WEC_Fault_detection\WEC-Sim\demostage\Matlab\reference_ar_hstp_project\dataset_reference_ideal\run00371_seed015_sev100_Hs160_Tp1000.csv,1200000,1200000,3.1044085820516e-15,2.21189111471176e-09,2.50346752454942e-15,0,1
372,State4_LongPeriodSwell,1.6,10,0.109868,15,validation,pto_damping_loss,0.8,960000,C:\Users\Vissal\Downloads\New_WEC_Fault_detection\WEC-Sim\demostage\Matlab\reference_ar_hstp_project\dataset_reference_ideal\run00372_seed015_sev080_Hs160_Tp1000.csv,960000,959999.999999998,2.06152132401864e-15,1.86264514923096e-09,2.53059299699505e-15,0,1
373,State4_LongPeriodSwell,1.6,10,0.109868,15,validation,pto_damping_loss,0.6,720000,C:\Users\Vissal\Downloads\New_WEC_Fault_detection\WEC-Sim\demostage\Matlab\reference_ar_hstp_project\dataset_reference_ideal\run00373_seed015_sev060_Hs160_Tp1000.csv,720000,719999.999999997,4.68895046247376e-15,1.57160684466362e-09,2.73385654151127e-15,0,1
374,State4_LongPeriodSwell,1.6,10,0.109868,15,validation,pto_damping_loss,0.4,480000,C:\Users\Vissal\Downloads\New_WEC_Fault_detection\WEC-Sim\demostage\Matlab\reference_ar_hstp_project\dataset_reference_ideal\run00374_seed015_sev040_Hs160_Tp1000.csv,480000,479999.999999999,2.5465851649642e-15,1.22236087918282e-09,3.04451521266454e-15,0,1
375,State4_LongPeriodSwell,1.6,10,0.109868,15,validation,pto_damping_loss,0.2,240000,C:\Users\Vissal\Downloads\New_WEC_Fault_detection\WEC-Sim\demostage\Matlab\reference_ar_hstp_project\dataset_reference_ideal\run00375_seed015_sev020_Hs160_Tp1000.csv,240000,240000,1.69772344330947e-15,1.12049747258425e-09,5.25349816303438e-15,0,1
376,State4_LongPeriodSwell,1.6,10,0.109868,16,validation,healthy,1,1200000,C:\Users\Vissal\Downloads\New_WEC_Fault_detection\WEC-Sim\demostage\Matlab\reference_ar_hstp_project\dataset_reference_ideal\run00376_seed016_sev100_Hs160_Tp1000.csv,1200000,1200000,1.74622982740402e-15,2.09547579288483e-09,2.41903389290806e-15,0,1
377,State4_LongPeriodSwell,1.6,10,0.109868,16,validation,pto_damping_loss,0.8,960000,C:\Users\Vissal\Downloads\New_WEC_Fault_detection\WEC-Sim\demostage\Matlab\reference_ar_hstp_project\dataset_reference_ideal\run00377_seed016_sev080_Hs160_Tp1000.csv,960000,959999.999999996,4.24430860827367e-15,1.97906047105789e-09,2.69103347664019e-15,0,1
378,State4_LongPeriodSwell,1.6,10,0.109868,16,validation,pto_damping_loss,0.6,720000,C:\Users\Vissal\Downloads\New_WEC_Fault_detection\WEC-Sim\demostage\Matlab\reference_ar_hstp_project\dataset_reference_ideal\run00378_seed016_sev060_Hs160_Tp1000.csv,720000,719999.999999999,1.77856741680039e-15,1.39698386192322e-09,2.37616992207138e-15,0,1
379,State4_LongPeriodSwell,1.6,10,0.109868,16,validation,pto_damping_loss,0.4,480000,C:\Users\Vissal\Downloads\New_WEC_Fault_detection\WEC-Sim\demostage\Matlab\reference_ar_hstp_project\dataset_reference_ideal\run00379_seed016_sev040_Hs160_Tp1000.csv,480000,479999.999999999,2.78911708543698e-15,1.42608769237995e-09,3.39353954765012e-15,0,1
380,State4_LongPeriodSwell,1.6,10,0.109868,16,validation,pto_damping_loss,0.2,240000,C:\Users\Vissal\Downloads\New_WEC_Fault_detection\WEC-Sim\demostage\Matlab\reference_ar_hstp_project\dataset_reference_ideal\run00380_seed016_sev020_Hs160_Tp1000.csv,240000,240000,9.70127681891124e-16,1.13504938781261e-09,5.00005447682533e-15,0,1
381,State4_LongPeriodSwell,1.6,10,0.109868,17,test,healthy,1,1200000,C:\Users\Vissal\Downloads\New_WEC_Fault_detection\WEC-Sim\demostage\Matlab\reference_ar_hstp_project\dataset_reference_ideal\run00381_seed017_sev100_Hs160_Tp1000.csv,1200000,1200000,1.74622982740402e-15,2.09547579288483e-09,2.52596847777965e-15,0,1
382,State4_LongPeriodSwell,1.6,10,0.109868,17,test,pto_damping_loss,0.8,960000,C:\Users\Vissal\Downloads\New_WEC_Fault_detection\WEC-Sim\demostage\Matlab\reference_ar_hstp_project\dataset_reference_ideal\run00382_seed017_sev080_Hs160_Tp1000.csv,960000,959999.999999998,2.30405324449142e-15,1.97906047105789e-09,2.87727994953156e-15,0,1
383,State4_LongPeriodSwell,1.6,10,0.109868,17,test,pto_damping_loss,0.6,720000,C:\Users\Vissal\Downloads\New_WEC_Fault_detection\WEC-Sim\demostage\Matlab\reference_ar_hstp_project\dataset_reference_ideal\run00383_seed017_sev060_Hs160_Tp1000.csv,720000,719999.999999998,3.39544688661893e-15,1.39698386192322e-09,2.60796419096427e-15,0,1
384,State4_LongPeriodSwell,1.6,10,0.109868,17,test,pto_damping_loss,0.4,480000,C:\Users\Vissal\Downloads\New_WEC_Fault_detection\WEC-Sim\demostage\Matlab\reference_ar_hstp_project\dataset_reference_ideal\run00384_seed017_sev040_Hs160_Tp1000.csv,480000,479999.999999999,1.69772344330947e-15,1.19325704872608e-09,3.20078122692854e-15,0,1
385,State4_LongPeriodSwell,1.6,10,0.109868,17,test,pto_damping_loss,0.2,240000,C:\Users\Vissal\Downloads\New_WEC_Fault_detection\WEC-Sim\demostage\Matlab\reference_ar_hstp_project\dataset_reference_ideal\run00385_seed017_sev020_Hs160_Tp1000.csv,240000,240000,1.81898940354586e-15,1.13504938781261e-09,5.81114179972152e-15,0,1
386,State4_LongPeriodSwell,1.6,10,0.109868,18,test,healthy,1,1200000,C:\Users\Vissal\Downloads\New_WEC_Fault_detection\WEC-Sim\demostage\Matlab\reference_ar_hstp_project\dataset_reference_ideal\run00386_seed018_sev100_Hs160_Tp1000.csv,1200000,1200000,3.88051072756449e-15,1.97906047105789e-09,2.63581785620611e-15,0,1
387,State4_LongPeriodSwell,1.6,10,0.109868,18,test,pto_damping_loss,0.8,960000,C:\Users\Vissal\Downloads\New_WEC_Fault_detection\WEC-Sim\demostage\Matlab\reference_ar_hstp_project\dataset_reference_ideal\run00387_seed018_sev080_Hs160_Tp1000.csv,960000,959999.999999998,1.81898940354586e-15,1.62981450557709e-09,2.58184280684138e-15,0,1
388,State4_LongPeriodSwell,1.6,10,0.109868,18,test,pto_damping_loss,0.6,720000,C:\Users\Vissal\Downloads\New_WEC_Fault_detection\WEC-Sim\demostage\Matlab\reference_ar_hstp_project\dataset_reference_ideal\run00388_seed018_sev060_Hs160_Tp1000.csv,720000,719999.999999999,1.77856741680039e-15,1.33877620100975e-09,2.67385098545314e-15,0,1
389,State4_LongPeriodSwell,1.6,10,0.109868,18,test,pto_damping_loss,0.4,480000,C:\Users\Vissal\Downloads\New_WEC_Fault_detection\WEC-Sim\demostage\Matlab\reference_ar_hstp_project\dataset_reference_ideal\run00389_seed018_sev040_Hs160_Tp1000.csv,480000,479999.999999998,3.15291496614615e-15,1.07684172689915e-09,3.00999108630986e-15,0,1
390,State4_LongPeriodSwell,1.6,10,0.109868,18,test,pto_damping_loss,0.2,240000,C:\Users\Vissal\Downloads\New_WEC_Fault_detection\WEC-Sim\demostage\Matlab\reference_ar_hstp_project\dataset_reference_ideal\run00390_seed018_sev020_Hs160_Tp1000.csv,240000,240000,1.57645748307308e-15,1.06228981167078e-09,5.43395619799831e-15,0,1
391,State4_LongPeriodSwell,1.6,10,0.109868,19,test,healthy,1,1200000,C:\Users\Vissal\Downloads\New_WEC_Fault_detection\WEC-Sim\demostage\Matlab\reference_ar_hstp_project\dataset_reference_ideal\run00391_seed019_sev100_Hs160_Tp1000.csv,1200000,1200000,3.29843411842982e-15,1.86264514923096e-09,2.58691828473319e-15,0,1
392,State4_LongPeriodSwell,1.6,10,0.109868,19,test,pto_damping_loss,0.8,960000,C:\Users\Vissal\Downloads\New_WEC_Fault_detection\WEC-Sim\demostage\Matlab\reference_ar_hstp_project\dataset_reference_ideal\run00392_seed019_sev080_Hs160_Tp1000.csv,960000,959999.999999996,3.88051072756449e-15,1.51339918375015e-09,2.48002861467382e-15,0,1
393,State4_LongPeriodSwell,1.6,10,0.109868,19,test,pto_damping_loss,0.6,720000,C:\Users\Vissal\Downloads\New_WEC_Fault_detection\WEC-Sim\demostage\Matlab\reference_ar_hstp_project\dataset_reference_ideal\run00393_seed019_sev060_Hs160_Tp1000.csv,720000,719999.999999998,2.26363125774595e-15,1.22236087918282e-09,2.51045035364569e-15,0,1
394,State4_LongPeriodSwell,1.6,10,0.109868,19,test,pto_damping_loss,0.4,480000,C:\Users\Vissal\Downloads\New_WEC_Fault_detection\WEC-Sim\demostage\Matlab\reference_ar_hstp_project\dataset_reference_ideal\run00394_seed019_sev040_Hs160_Tp1000.csv,480000,479999.999999998,4.36557456851006e-15,1.03318598121405e-09,2.98506297614103e-15,0,1
395,State4_LongPeriodSwell,1.6,10,0.109868,19,test,pto_damping_loss,0.2,240000,C:\Users\Vissal\Downloads\New_WEC_Fault_detection\WEC-Sim\demostage\Matlab\reference_ar_hstp_project\dataset_reference_ideal\run00395_seed019_sev020_Hs160_Tp1000.csv,240000,240000,1.45519152283669e-15,8.58562998473644e-10,4.62725041865874e-15,0,1
396,State4_LongPeriodSwell,1.6,10,0.109868,20,test,healthy,1,1200000,C:\Users\Vissal\Downloads\New_WEC_Fault_detection\WEC-Sim\demostage\Matlab\reference_ar_hstp_project\dataset_reference_ideal\run00396_seed020_sev100_Hs160_Tp1000.csv,1200000,1200000,3.88051072756449e-16,1.97906047105789e-09,2.52258866769845e-15,0,1
397,State4_LongPeriodSwell,1.6,10,0.109868,20,test,pto_damping_loss,0.8,960000,C:\Users\Vissal\Downloads\New_WEC_Fault_detection\WEC-Sim\demostage\Matlab\reference_ar_hstp_project\dataset_reference_ideal\run00397_seed020_sev080_Hs160_Tp1000.csv,960000,959999.999999998,2.06152132401864e-15,1.62981450557709e-09,2.48926308244528e-15,0,1
398,State4_LongPeriodSwell,1.6,10,0.109868,20,test,pto_damping_loss,0.6,720000,C:\Users\Vissal\Downloads\New_WEC_Fault_detection\WEC-Sim\demostage\Matlab\reference_ar_hstp_project\dataset_reference_ideal\run00398_seed020_sev060_Hs160_Tp1000.csv,720000,719999.999999999,9.70127681891124e-16,1.39698386192322e-09,2.72371538698311e-15,0,1
399,State4_LongPeriodSwell,1.6,10,0.109868,20,test,pto_damping_loss,0.4,480000,C:\Users\Vissal\Downloads\New_WEC_Fault_detection\WEC-Sim\demostage\Matlab\reference_ar_hstp_project\dataset_reference_ideal\run00399_seed020_sev040_Hs160_Tp1000.csv,480000,479999.999999999,1.81898940354586e-15,1.10594555735588e-09,3.09508398217072e-15,0,1
400,State4_LongPeriodSwell,1.6,10,0.109868,20,test,pto_damping_loss,0.2,240000,C:\Users\Vissal\Downloads\New_WEC_Fault_detection\WEC-Sim\demostage\Matlab\reference_ar_hstp_project\dataset_reference_ideal\run00400_seed020_sev020_Hs160_Tp1000.csv,240000,240000,1.69772344330947e-15,8.18545231595635e-10,4.39069911250775e-15,0,1
401,State5_Moderate,2.2,8.3,0.181461,1,train,healthy,1,1200000,C:\Users\Vissal\Downloads\New_WEC_Fault_detection\WEC-Sim\demostage\Matlab\reference_ar_hstp_project\dataset_reference_ideal\run00401_seed001_sev100_Hs220_Tp830.csv,1200000,1200000,2.3283064365387e-15,3.25962901115417e-09,2.56296210845704e-15,0,1
402,State5_Moderate,2.2,8.3,0.181461,1,train,pto_damping_loss,0.8,960000,C:\Users\Vissal\Downloads\New_WEC_Fault_detection\WEC-Sim\demostage\Matlab\reference_ar_hstp_project\dataset_reference_ideal\run00402_seed001_sev080_Hs220_Tp830.csv,960000,959999.999999997,3.15291496614615e-15,2.56113708019257e-09,2.39211976496714e-15,0,1
403,State5_Moderate,2.2,8.3,0.181461,1,train,pto_damping_loss,0.6,720000,C:\Users\Vissal\Downloads\New_WEC_Fault_detection\WEC-Sim\demostage\Matlab\reference_ar_hstp_project\dataset_reference_ideal\run00403_seed001_sev060_Hs220_Tp830.csv,720000,719999.999999999,1.94025536378225e-15,2.21189111471176e-09,2.61929804555823e-15,0,1
404,State5_Moderate,2.2,8.3,0.181461,1,train,pto_damping_loss,0.4,480000,C:\Users\Vissal\Downloads\New_WEC_Fault_detection\WEC-Sim\demostage\Matlab\reference_ar_hstp_project\dataset_reference_ideal\run00404_seed001_sev040_Hs220_Tp830.csv,480000,479999.999999999,1.33392556260029e-15,1.86264514923096e-09,3.0450772576484e-15,0,1
405,State5_Moderate,2.2,8.3,0.181461,1,train,pto_damping_loss,0.2,240000,C:\Users\Vissal\Downloads\New_WEC_Fault_detection\WEC-Sim\demostage\Matlab\reference_ar_hstp_project\dataset_reference_ideal\run00405_seed001_sev020_Hs220_Tp830.csv,240000,240000,2.06152132401864e-15,1.86264514923096e-09,5.52745086376721e-15,0,1
406,State5_Moderate,2.2,8.3,0.181461,2,train,healthy,1,1200000,C:\Users\Vissal\Downloads\New_WEC_Fault_detection\WEC-Sim\demostage\Matlab\reference_ar_hstp_project\dataset_reference_ideal\run00406_seed002_sev100_Hs220_Tp830.csv,1200000,1200000,2.71635750929515e-15,2.79396772384644e-09,2.57622807645799e-15,0,1
407,State5_Moderate,2.2,8.3,0.181461,2,train,pto_damping_loss,0.8,960000,C:\Users\Vissal\Downloads\New_WEC_Fault_detection\WEC-Sim\demostage\Matlab\reference_ar_hstp_project\dataset_reference_ideal\run00407_seed002_sev080_Hs220_Tp830.csv,960000,959999.999999999,1.09139364212751e-15,2.21189111471176e-09,2.43255349265682e-15,0,1
408,State5_Moderate,2.2,8.3,0.181461,2,train,pto_damping_loss,0.6,720000,C:\Users\Vissal\Downloads\New_WEC_Fault_detection\WEC-Sim\demostage\Matlab\reference_ar_hstp_project\dataset_reference_ideal\run00408_seed002_sev060_Hs220_Tp830.csv,720000,720000,1.61687946981854e-16,2.15368345379829e-09,3.00780210836909e-15,0,1
409,State5_Moderate,2.2,8.3,0.181461,2,train,pto_damping_loss,0.4,480000,C:\Users\Vissal\Downloads\New_WEC_Fault_detection\WEC-Sim\demostage\Matlab\reference_ar_hstp_project\dataset_reference_ideal\run00409_seed002_sev040_Hs220_Tp830.csv,480000,479999.999999999,1.94025536378225e-15,1.74622982740402e-09,3.4295944548192e-15,0,1
410,State5_Moderate,2.2,8.3,0.181461,2,train,pto_damping_loss,0.2,240000,C:\Users\Vissal\Downloads\New_WEC_Fault_detection\WEC-Sim\demostage\Matlab\reference_ar_hstp_project\dataset_reference_ideal\run00410_seed002_sev020_Hs220_Tp830.csv,240000,240000,1.57645748307308e-15,1.60071067512035e-09,5.62008304608691e-15,0,1
411,State5_Moderate,2.2,8.3,0.181461,3,train,healthy,1,1200000,C:\Users\Vissal\Downloads\New_WEC_Fault_detection\WEC-Sim\demostage\Matlab\reference_ar_hstp_project\dataset_reference_ideal\run00411_seed003_sev100_Hs220_Tp830.csv,1200000,1200000,2.3283064365387e-15,2.79396772384644e-09,2.35689567390207e-15,0,1
412,State5_Moderate,2.2,8.3,0.181461,3,train,pto_damping_loss,0.8,960000,C:\Users\Vissal\Downloads\New_WEC_Fault_detection\WEC-Sim\demostage\Matlab\reference_ar_hstp_project\dataset_reference_ideal\run00412_seed003_sev080_Hs220_Tp830.csv,960000,959999.999999999,1.45519152283669e-15,2.56113708019257e-09,2.53628719731804e-15,0,1
413,State5_Moderate,2.2,8.3,0.181461,3,train,pto_damping_loss,0.6,720000,C:\Users\Vissal\Downloads\New_WEC_Fault_detection\WEC-Sim\demostage\Matlab\reference_ar_hstp_project\dataset_reference_ideal\run00413_seed003_sev060_Hs220_Tp830.csv,720000,719999.999999998,2.74869509869152e-15,2.09547579288483e-09,2.63126000030078e-15,0,1
414,State5_Moderate,2.2,8.3,0.181461,3,train,pto_damping_loss,0.4,480000,C:\Users\Vissal\Downloads\New_WEC_Fault_detection\WEC-Sim\demostage\Matlab\reference_ar_hstp_project\dataset_reference_ideal\run00414_seed003_sev040_Hs220_Tp830.csv,480000,479999.999999999,3.03164900590976e-15,1.74622982740402e-09,3.13815186452955e-15,0,1
415,State5_Moderate,2.2,8.3,0.181461,3,train,pto_damping_loss,0.2,240000,C:\Users\Vissal\Downloads\New_WEC_Fault_detection\WEC-Sim\demostage\Matlab\reference_ar_hstp_project\dataset_reference_ideal\run00415_seed003_sev020_Hs220_Tp830.csv,240000,240000,8.48861721654733e-16,1.60071067512035e-09,5.52801428158058e-15,0,1
416,State5_Moderate,2.2,8.3,0.181461,4,train,healthy,1,1200000,C:\Users\Vissal\Downloads\New_WEC_Fault_detection\WEC-Sim\demostage\Matlab\reference_ar_hstp_project\dataset_reference_ideal\run00416_seed004_sev100_Hs220_Tp830.csv,1200000,1200000,1.16415321826935e-15,3.02679836750031e-09,2.36975922364607e-15,0,1
417,State5_Moderate,2.2,8.3,0.181461,4,train,pto_damping_loss,0.8,960000,C:\Users\Vissal\Downloads\New_WEC_Fault_detection\WEC-Sim\demostage\Matlab\reference_ar_hstp_project\dataset_reference_ideal\run00417_seed004_sev080_Hs220_Tp830.csv,960000,959999.999999998,1.81898940354586e-15,2.79396772384644e-09,2.52207955622842e-15,0,1
418,State5_Moderate,2.2,8.3,0.181461,4,train,pto_damping_loss,0.6,720000,C:\Users\Vissal\Downloads\New_WEC_Fault_detection\WEC-Sim\demostage\Matlab\reference_ar_hstp_project\dataset_reference_ideal\run00418_seed004_sev060_Hs220_Tp830.csv,720000,719999.999999996,5.01232635643747e-15,2.53203324973583e-09,2.79381834153515e-15,0,1
419,State5_Moderate,2.2,8.3,0.181461,4,train,pto_damping_loss,0.4,480000,C:\Users\Vissal\Downloads\New_WEC_Fault_detection\WEC-Sim\demostage\Matlab\reference_ar_hstp_project\dataset_reference_ideal\run00419_seed004_sev040_Hs220_Tp830.csv,480000,479999.999999998,4.00177668780088e-15,1.97906047105789e-09,2.99534067089051e-15,0,1
420,State5_Moderate,2.2,8.3,0.181461,4,train,pto_damping_loss,0.2,240000,C:\Users\Vissal\Downloads\New_WEC_Fault_detection\WEC-Sim\demostage\Matlab\reference_ar_hstp_project\dataset_reference_ideal\run00420_seed004_sev020_Hs220_Tp830.csv,240000,239999.999999999,3.63797880709171e-15,1.73895386978984e-09,4.66778521304071e-15,0,1
421,State5_Moderate,2.2,8.3,0.181461,5,train,healthy,1,1200000,C:\Users\Vissal\Downloads\New_WEC_Fault_detection\WEC-Sim\demostage\Matlab\reference_ar_hstp_project\dataset_reference_ideal\run00421_seed005_sev100_Hs220_Tp830.csv,1200000,1200000,1.94025536378225e-16,3.25962901115417e-09,2.54819243223169e-15,0,1
422,State5_Moderate,2.2,8.3,0.181461,5,train,pto_damping_loss,0.8,960000,C:\Users\Vissal\Downloads\New_WEC_Fault_detection\WEC-Sim\demostage\Matlab\reference_ar_hstp_project\dataset_reference_ideal\run00422_seed005_sev080_Hs220_Tp830.csv,960000,959999.999999996,4.48684052874645e-15,2.79396772384644e-09,2.5289969529308e-15,0,1
423,State5_Moderate,2.2,8.3,0.181461,5,train,pto_damping_loss,0.6,720000,C:\Users\Vissal\Downloads\New_WEC_Fault_detection\WEC-Sim\demostage\Matlab\reference_ar_hstp_project\dataset_reference_ideal\run00423_seed005_sev060_Hs220_Tp830.csv,720000,719999.999999999,1.94025536378225e-15,2.3283064365387e-09,2.58541669880264e-15,0,1
424,State5_Moderate,2.2,8.3,0.181461,5,train,pto_damping_loss,0.4,480000,C:\Users\Vissal\Downloads\New_WEC_Fault_detection\WEC-Sim\demostage\Matlab\reference_ar_hstp_project\dataset_reference_ideal\run00424_seed005_sev040_Hs220_Tp830.csv,480000,480000,8.48861721654733e-16,2.03726813197136e-09,3.08871876905883e-15,0,1
425,State5_Moderate,2.2,8.3,0.181461,5,train,pto_damping_loss,0.2,240000,C:\Users\Vissal\Downloads\New_WEC_Fault_detection\WEC-Sim\demostage\Matlab\reference_ar_hstp_project\dataset_reference_ideal\run00425_seed005_sev020_Hs220_Tp830.csv,240000,240000,1.57645748307308e-15,1.89174897968769e-09,5.14167610061939e-15,0,1
426,State5_Moderate,2.2,8.3,0.181461,6,train,healthy,1,1200000,C:\Users\Vissal\Downloads\New_WEC_Fault_detection\WEC-Sim\demostage\Matlab\reference_ar_hstp_project\dataset_reference_ideal\run00426_seed006_sev100_Hs220_Tp830.csv,1200000,1200000,1.74622982740402e-15,3.02679836750031e-09,2.49794792086061e-15,0,1
427,State5_Moderate,2.2,8.3,0.181461,6,train,pto_damping_loss,0.8,960000,C:\Users\Vissal\Downloads\New_WEC_Fault_detection\WEC-Sim\demostage\Matlab\reference_ar_hstp_project\dataset_reference_ideal\run00427_seed006_sev080_Hs220_Tp830.csv,960000,959999.999999998,1.94025536378225e-15,2.56113708019257e-09,2.47184793466383e-15,0,1
428,State5_Moderate,2.2,8.3,0.181461,6,train,pto_damping_loss,0.6,720000,C:\Users\Vissal\Downloads\New_WEC_Fault_detection\WEC-Sim\demostage\Matlab\reference_ar_hstp_project\dataset_reference_ideal\run00428_seed006_sev060_Hs220_Tp830.csv,720000,719999.999999997,3.55713483360079e-15,2.21189111471176e-09,2.65385979608228e-15,0,1
429,State5_Moderate,2.2,8.3,0.181461,6,train,pto_damping_loss,0.4,480000,C:\Users\Vissal\Downloads\New_WEC_Fault_detection\WEC-Sim\demostage\Matlab\reference_ar_hstp_project\dataset_reference_ideal\run00429_seed006_sev040_Hs220_Tp830.csv,480000,479999.999999999,2.30405324449142e-15,2.2409949451685e-09,3.74021013666735e-15,0,1
430,State5_Moderate,2.2,8.3,0.181461,6,train,pto_damping_loss,0.2,240000,C:\Users\Vissal\Downloads\New_WEC_Fault_detection\WEC-Sim\demostage\Matlab\reference_ar_hstp_project\dataset_reference_ideal\run00430_seed006_sev020_Hs220_Tp830.csv,240000,239999.999999999,2.5465851649642e-15,1.54250301420689e-09,4.74131290915594e-15,0,1
431,State5_Moderate,2.2,8.3,0.181461,7,train,healthy,1,1200000,C:\Users\Vissal\Downloads\New_WEC_Fault_detection\WEC-Sim\demostage\Matlab\reference_ar_hstp_project\dataset_reference_ideal\run00431_seed007_sev100_Hs220_Tp830.csv,1200000,1200000,2.3283064365387e-15,2.56113708019257e-09,2.53117370655956e-15,0,1
432,State5_Moderate,2.2,8.3,0.181461,7,train,pto_damping_loss,0.8,960000,C:\Users\Vissal\Downloads\New_WEC_Fault_detection\WEC-Sim\demostage\Matlab\reference_ar_hstp_project\dataset_reference_ideal\run00432_seed007_sev080_Hs220_Tp830.csv,960000,959999.999999997,2.78911708543698e-15,2.21189111471176e-09,2.55642070934834e-15,0,1
433,State5_Moderate,2.2,8.3,0.181461,7,train,pto_damping_loss,0.6,720000,C:\Users\Vissal\Downloads\New_WEC_Fault_detection\WEC-Sim\demostage\Matlab\reference_ar_hstp_project\dataset_reference_ideal\run00433_seed007_sev060_Hs220_Tp830.csv,720000,719999.999999998,3.07207099265522e-15,2.21189111471176e-09,3.11706869151518e-15,0,1
434,State5_Moderate,2.2,8.3,0.181461,7,train,pto_damping_loss,0.4,480000,C:\Users\Vissal\Downloads\New_WEC_Fault_detection\WEC-Sim\demostage\Matlab\reference_ar_hstp_project\dataset_reference_ideal\run00434_seed007_sev040_Hs220_Tp830.csv,480000,479999.999999999,3.03164900590976e-15,1.68802216649055e-09,3.17395150904075e-15,0,1
435,State5_Moderate,2.2,8.3,0.181461,7,train,pto_damping_loss,0.2,240000,C:\Users\Vissal\Downloads\New_WEC_Fault_detection\WEC-Sim\demostage\Matlab\reference_ar_hstp_project\dataset_reference_ideal\run00435_seed007_sev020_Hs220_Tp830.csv,240000,239999.999999999,3.39544688661893e-15,1.60071067512035e-09,5.19075465750954e-15,0,1
436,State5_Moderate,2.2,8.3,0.181461,8,train,healthy,1,1200000,C:\Users\Vissal\Downloads\New_WEC_Fault_detection\WEC-Sim\demostage\Matlab\reference_ar_hstp_project\dataset_reference_ideal\run00436_seed008_sev100_Hs220_Tp830.csv,1200000,1200000,1.16415321826935e-15,3.02679836750031e-09,2.42132475668025e-15,0,1
437,State5_Moderate,2.2,8.3,0.181461,8,train,pto_damping_loss,0.8,960000,C:\Users\Vissal\Downloads\New_WEC_Fault_detection\WEC-Sim\demostage\Matlab\reference_ar_hstp_project\dataset_reference_ideal\run00437_seed008_sev080_Hs220_Tp830.csv,960000,960000,0,2.56113708019257e-09,2.42454421515716e-15,0,1
438,State5_Moderate,2.2,8.3,0.181461,8,train,pto_damping_loss,0.6,720000,C:\Users\Vissal\Downloads\New_WEC_Fault_detection\WEC-Sim\demostage\Matlab\reference_ar_hstp_project\dataset_reference_ideal\run00438_seed008_sev060_Hs220_Tp830.csv,720000,719999.999999999,1.94025536378225e-15,2.09547579288483e-09,2.4933608144611e-15,0,1
439,State5_Moderate,2.2,8.3,0.181461,8,train,pto_damping_loss,0.4,480000,C:\Users\Vissal\Downloads\New_WEC_Fault_detection\WEC-Sim\demostage\Matlab\reference_ar_hstp_project\dataset_reference_ideal\run00439_seed008_sev040_Hs220_Tp830.csv,480000,479999.999999999,2.42531920472781e-15,1.68802216649055e-09,2.81951623170715e-15,0,1
440,State5_Moderate,2.2,8.3,0.181461,8,train,pto_damping_loss,0.2,240000,C:\Users\Vissal\Downloads\New_WEC_Fault_detection\WEC-Sim\demostage\Matlab\reference_ar_hstp_project\dataset_reference_ideal\run00440_seed008_sev020_Hs220_Tp830.csv,240000,239999.999999999,2.18278728425503e-15,1.73167791217566e-09,5.36013920299185e-15,0,1
441,State5_Moderate,2.2,8.3,0.181461,9,train,healthy,1,1200000,C:\Users\Vissal\Downloads\New_WEC_Fault_detection\WEC-Sim\demostage\Matlab\reference_ar_hstp_project\dataset_reference_ideal\run00441_seed009_sev100_Hs220_Tp830.csv,1200000,1200000,2.3283064365387e-15,3.02679836750031e-09,2.45115930688905e-15,0,1
442,State5_Moderate,2.2,8.3,0.181461,9,train,pto_damping_loss,0.8,960000,C:\Users\Vissal\Downloads\New_WEC_Fault_detection\WEC-Sim\demostage\Matlab\reference_ar_hstp_project\dataset_reference_ideal\run00442_seed009_sev080_Hs220_Tp830.csv,960000,959999.999999995,4.72937244921923e-15,2.79396772384644e-09,2.62266690742619e-15,0,1
443,State5_Moderate,2.2,8.3,0.181461,9,train,pto_damping_loss,0.6,720000,C:\Users\Vissal\Downloads\New_WEC_Fault_detection\WEC-Sim\demostage\Matlab\reference_ar_hstp_project\dataset_reference_ideal\run00443_seed009_sev060_Hs220_Tp830.csv,720000,720000,6.46751787927416e-16,2.3283064365387e-09,2.68980316576563e-15,0,1
444,State5_Moderate,2.2,8.3,0.181461,9,train,pto_damping_loss,0.4,480000,C:\Users\Vissal\Downloads\New_WEC_Fault_detection\WEC-Sim\demostage\Matlab\reference_ar_hstp_project\dataset_reference_ideal\run00444_seed009_sev040_Hs220_Tp830.csv,480000,479999.999999999,1.45519152283669e-15,1.92085281014442e-09,3.05462847425282e-15,0,1
445,State5_Moderate,2.2,8.3,0.181461,9,train,pto_damping_loss,0.2,240000,C:\Users\Vissal\Downloads\New_WEC_Fault_detection\WEC-Sim\demostage\Matlab\reference_ar_hstp_project\dataset_reference_ideal\run00445_seed009_sev020_Hs220_Tp830.csv,240000,239999.999999999,2.66785112520059e-15,2.5902409106493e-09,7.5051733669773e-15,0,1
446,State5_Moderate,2.2,8.3,0.181461,10,train,healthy,1,1200000,C:\Users\Vissal\Downloads\New_WEC_Fault_detection\WEC-Sim\demostage\Matlab\reference_ar_hstp_project\dataset_reference_ideal\run00446_seed010_sev100_Hs220_Tp830.csv,1200000,1200000,3.29843411842982e-15,2.79396772384644e-09,2.44491109856964e-15,0,1
447,State5_Moderate,2.2,8.3,0.181461,10,train,pto_damping_loss,0.8,960000,C:\Users\Vissal\Downloads\New_WEC_Fault_detection\WEC-Sim\demostage\Matlab\reference_ar_hstp_project\dataset_reference_ideal\run00447_seed010_sev080_Hs220_Tp830.csv,960000,959999.999999998,1.57645748307308e-15,2.3283064365387e-09,2.40324965158194e-15,0,1
448,State5_Moderate,2.2,8.3,0.181461,10,train,pto_damping_loss,0.6,720000,C:\Users\Vissal\Downloads\New_WEC_Fault_detection\WEC-Sim\demostage\Matlab\reference_ar_hstp_project\dataset_reference_ideal\run00448_seed010_sev060_Hs220_Tp830.csv,720000,719999.999999997,3.55713483360079e-15,2.09547579288483e-09,2.71472366195606e-15,0,1
449,State5_Moderate,2.2,8.3,0.181461,10,train,pto_damping_loss,0.4,480000,C:\Users\Vissal\Downloads\New_WEC_Fault_detection\WEC-Sim\demostage\Matlab\reference_ar_hstp_project\dataset_reference_ideal\run00449_seed010_sev040_Hs220_Tp830.csv,480000,479999.999999999,2.78911708543698e-15,1.68802216649055e-09,3.07017483942688e-15,0,1
450,State5_Moderate,2.2,8.3,0.181461,10,train,pto_damping_loss,0.2,240000,C:\Users\Vissal\Downloads\New_WEC_Fault_detection\WEC-Sim\demostage\Matlab\reference_ar_hstp_project\dataset_reference_ideal\run00450_seed010_sev020_Hs220_Tp830.csv,240000,240000,1.57645748307308e-15,1.57160684466362e-09,5.32981362676169e-15,0,1
451,State5_Moderate,2.2,8.3,0.181461,11,train,healthy,1,1200000,C:\Users\Vissal\Downloads\New_WEC_Fault_detection\WEC-Sim\demostage\Matlab\reference_ar_hstp_project\dataset_reference_ideal\run00451_seed011_sev100_Hs220_Tp830.csv,1200000,1200000,1.5522042910258e-15,3.02679836750031e-09,2.73212285045491e-15,0,1
452,State5_Moderate,2.2,8.3,0.181461,11,train,pto_damping_loss,0.8,960000,C:\Users\Vissal\Downloads\New_WEC_Fault_detection\WEC-Sim\demostage\Matlab\reference_ar_hstp_project\dataset_reference_ideal\run00452_seed011_sev080_Hs220_Tp830.csv,960000,959999.999999997,3.03164900590976e-15,2.3283064365387e-09,2.49768695953021e-15,0,1
453,State5_Moderate,2.2,8.3,0.181461,11,train,pto_damping_loss,0.6,720000,C:\Users\Vissal\Downloads\New_WEC_Fault_detection\WEC-Sim\demostage\Matlab\reference_ar_hstp_project\dataset_reference_ideal\run00453_seed011_sev060_Hs220_Tp830.csv,720000,719999.999999999,1.94025536378225e-15,1.86264514923096e-09,2.53601678384599e-15,0,1
454,State5_Moderate,2.2,8.3,0.181461,11,train,pto_damping_loss,0.4,480000,C:\Users\Vissal\Downloads\New_WEC_Fault_detection\WEC-Sim\demostage\Matlab\reference_ar_hstp_project\dataset_reference_ideal\run00454_seed011_sev040_Hs220_Tp830.csv,480000,479999.999999998,4.12304264803727e-15,1.62981450557709e-09,3.16386861556485e-15,0,1
455,State5_Moderate,2.2,8.3,0.181461,11,train,pto_damping_loss,0.2,240000,C:\Users\Vissal\Downloads\New_WEC_Fault_detection\WEC-Sim\demostage\Matlab\reference_ar_hstp_project\dataset_reference_ideal\run00455_seed011_sev020_Hs220_Tp830.csv,240000,239999.999999999,2.18278728425503e-15,1.51339918375015e-09,5.40403843082575e-15,0,1
456,State5_Moderate,2.2,8.3,0.181461,12,train,healthy,1,1200000,C:\Users\Vissal\Downloads\New_WEC_Fault_detection\WEC-Sim\demostage\Matlab\reference_ar_hstp_project\dataset_reference_ideal\run00456_seed012_sev100_Hs220_Tp830.csv,1200000,1200000,2.13428090016047e-15,3.25962901115417e-09,2.56441500579623e-15,0,1
457,State5_Moderate,2.2,8.3,0.181461,12,train,pto_damping_loss,0.8,960000,C:\Users\Vissal\Downloads\New_WEC_Fault_detection\WEC-Sim\demostage\Matlab\reference_ar_hstp_project\dataset_reference_ideal\run00457_seed012_sev080_Hs220_Tp830.csv,960000,959999.999999997,3.03164900590976e-15,2.79396772384644e-09,2.60057665611734e-15,0,1
458,State5_Moderate,2.2,8.3,0.181461,12,train,pto_damping_loss,0.6,720000,C:\Users\Vissal\Downloads\New_WEC_Fault_detection\WEC-Sim\demostage\Matlab\reference_ar_hstp_project\dataset_reference_ideal\run00458_seed012_sev060_Hs220_Tp830.csv,720000,719999.999999998,2.1019433107641e-15,2.09547579288483e-09,2.45648508391909e-15,0,1
459,State5_Moderate,2.2,8.3,0.181461,12,train,pto_damping_loss,0.4,480000,C:\Users\Vissal\Downloads\New_WEC_Fault_detection\WEC-Sim\demostage\Matlab\reference_ar_hstp_project\dataset_reference_ideal\run00459_seed012_sev040_Hs220_Tp830.csv,480000,479999.999999999,1.94025536378225e-15,1.86264514923096e-09,3.09892281430298e-15,0,1
460,State5_Moderate,2.2,8.3,0.181461,12,train,pto_damping_loss,0.2,240000,C:\Users\Vissal\Downloads\New_WEC_Fault_detection\WEC-Sim\demostage\Matlab\reference_ar_hstp_project\dataset_reference_ideal\run00460_seed012_sev020_Hs220_Tp830.csv,240000,240000,1.81898940354586e-15,2.19063167605782e-09,6.94025248078123e-15,0,1
461,State5_Moderate,2.2,8.3,0.181461,13,validation,healthy,1,1200000,C:\Users\Vissal\Downloads\New_WEC_Fault_detection\WEC-Sim\demostage\Matlab\reference_ar_hstp_project\dataset_reference_ideal\run00461_seed013_sev100_Hs220_Tp830.csv,1200000,1200000,2.71635750929515e-15,3.02679836750031e-09,2.53092525346381e-15,0,1
462,State5_Moderate,2.2,8.3,0.181461,13,validation,pto_damping_loss,0.8,960000,C:\Users\Vissal\Downloads\New_WEC_Fault_detection\WEC-Sim\demostage\Matlab\reference_ar_hstp_project\dataset_reference_ideal\run00462_seed013_sev080_Hs220_Tp830.csv,960000,959999.999999998,1.81898940354586e-15,2.56113708019257e-09,2.52322827726708e-15,0,1
463,State5_Moderate,2.2,8.3,0.181461,13,validation,pto_damping_loss,0.6,720000,C:\Users\Vissal\Downloads\New_WEC_Fault_detection\WEC-Sim\demostage\Matlab\reference_ar_hstp_project\dataset_reference_ideal\run00463_seed013_sev060_Hs220_Tp830.csv,720000,719999.999999998,2.1019433107641e-15,2.15368345379829e-09,2.6724788455671e-15,0,1
464,State5_Moderate,2.2,8.3,0.181461,13,validation,pto_damping_loss,0.4,480000,C:\Users\Vissal\Downloads\New_WEC_Fault_detection\WEC-Sim\demostage\Matlab\reference_ar_hstp_project\dataset_reference_ideal\run00464_seed013_sev040_Hs220_Tp830.csv,480000,479999.999999999,1.33392556260029e-15,1.68802216649055e-09,2.97460815738165e-15,0,1
465,State5_Moderate,2.2,8.3,0.181461,13,validation,pto_damping_loss,0.2,240000,C:\Users\Vissal\Downloads\New_WEC_Fault_detection\WEC-Sim\demostage\Matlab\reference_ar_hstp_project\dataset_reference_ideal\run00465_seed013_sev020_Hs220_Tp830.csv,240000,239999.999999999,3.51671284685532e-15,1.33877620100975e-09,4.46355352684384e-15,0,1
466,State5_Moderate,2.2,8.3,0.181461,14,validation,healthy,1,1200000,C:\Users\Vissal\Downloads\New_WEC_Fault_detection\WEC-Sim\demostage\Matlab\reference_ar_hstp_project\dataset_reference_ideal\run00466_seed014_sev100_Hs220_Tp830.csv,1200000,1200000,2.3283064365387e-15,3.02679836750031e-09,2.60869218373281e-15,0,1
467,State5_Moderate,2.2,8.3,0.181461,14,validation,pto_damping_loss,0.8,960000,C:\Users\Vissal\Downloads\New_WEC_Fault_detection\WEC-Sim\demostage\Matlab\reference_ar_hstp_project\dataset_reference_ideal\run00467_seed014_sev080_Hs220_Tp830.csv,960000,959999.999999996,4.48684052874645e-15,2.44472175836563e-09,2.4579140135135e-15,0,1
468,State5_Moderate,2.2,8.3,0.181461,14,validation,pto_damping_loss,0.6,720000,C:\Users\Vissal\Downloads\New_WEC_Fault_detection\WEC-Sim\demostage\Matlab\reference_ar_hstp_project\dataset_reference_ideal\run00468_seed014_sev060_Hs220_Tp830.csv,720000,719999.999999997,3.88051072756449e-15,2.21189111471176e-09,2.74797717685078e-15,0,1
469,State5_Moderate,2.2,8.3,0.181461,14,validation,pto_damping_loss,0.4,480000,C:\Users\Vissal\Downloads\New_WEC_Fault_detection\WEC-Sim\demostage\Matlab\reference_ar_hstp_project\dataset_reference_ideal\run00469_seed014_sev040_Hs220_Tp830.csv,480000,479999.999999999,1.57645748307308e-15,1.77533365786076e-09,3.03879177466044e-15,0,1
470,State5_Moderate,2.2,8.3,0.181461,14,validation,pto_damping_loss,0.2,240000,C:\Users\Vissal\Downloads\New_WEC_Fault_detection\WEC-Sim\demostage\Matlab\reference_ar_hstp_project\dataset_reference_ideal\run00470_seed014_sev020_Hs220_Tp830.csv,240000,240000,8.48861721654733e-16,2.56113708019257e-09,7.80125937736275e-15,0,1
471,State5_Moderate,2.2,8.3,0.181461,15,validation,healthy,1,1200000,C:\Users\Vissal\Downloads\New_WEC_Fault_detection\WEC-Sim\demostage\Matlab\reference_ar_hstp_project\dataset_reference_ideal\run00471_seed015_sev100_Hs220_Tp830.csv,1200000,1200000,2.3283064365387e-15,3.25962901115417e-09,2.59114746992152e-15,0,1
472,State5_Moderate,2.2,8.3,0.181461,15,validation,pto_damping_loss,0.8,960000,C:\Users\Vissal\Downloads\New_WEC_Fault_detection\WEC-Sim\demostage\Matlab\reference_ar_hstp_project\dataset_reference_ideal\run00472_seed015_sev080_Hs220_Tp830.csv,960000,959999.999999996,4.60810648898284e-15,2.79396772384644e-09,2.55366603985595e-15,0,1
473,State5_Moderate,2.2,8.3,0.181461,15,validation,pto_damping_loss,0.6,720000,C:\Users\Vissal\Downloads\New_WEC_Fault_detection\WEC-Sim\demostage\Matlab\reference_ar_hstp_project\dataset_reference_ideal\run00473_seed015_sev060_Hs220_Tp830.csv,720000,719999.999999999,1.77856741680039e-15,2.3283064365387e-09,2.59624315036572e-15,0,1
474,State5_Moderate,2.2,8.3,0.181461,15,validation,pto_damping_loss,0.4,480000,C:\Users\Vissal\Downloads\New_WEC_Fault_detection\WEC-Sim\demostage\Matlab\reference_ar_hstp_project\dataset_reference_ideal\run00474_seed015_sev040_Hs220_Tp830.csv,480000,479999.999999998,4.24430860827367e-15,1.74622982740402e-09,2.65482389727346e-15,0,1
475,State5_Moderate,2.2,8.3,0.181461,15,validation,pto_damping_loss,0.2,240000,C:\Users\Vissal\Downloads\New_WEC_Fault_detection\WEC-Sim\demostage\Matlab\reference_ar_hstp_project\dataset_reference_ideal\run00475_seed015_sev020_Hs220_Tp830.csv,240000,240000,1.94025536378225e-15,2.00816430151463e-09,5.50130257469295e-15,0,1
476,State5_Moderate,2.2,8.3,0.181461,16,validation,healthy,1,1200000,C:\Users\Vissal\Downloads\New_WEC_Fault_detection\WEC-Sim\demostage\Matlab\reference_ar_hstp_project\dataset_reference_ideal\run00476_seed016_sev100_Hs220_Tp830.csv,1200000,1200000,2.71635750929515e-15,3.25962901115417e-09,2.63106547235933e-15,0,1
477,State5_Moderate,2.2,8.3,0.181461,16,validation,pto_damping_loss,0.8,960000,C:\Users\Vissal\Downloads\New_WEC_Fault_detection\WEC-Sim\demostage\Matlab\reference_ar_hstp_project\dataset_reference_ideal\run00477_seed016_sev080_Hs220_Tp830.csv,960000,959999.999999998,1.81898940354586e-15,2.56113708019257e-09,2.39398476243497e-15,0,1
478,State5_Moderate,2.2,8.3,0.181461,16,validation,pto_damping_loss,0.6,720000,C:\Users\Vissal\Downloads\New_WEC_Fault_detection\WEC-Sim\demostage\Matlab\reference_ar_hstp_project\dataset_reference_ideal\run00478_seed016_sev060_Hs220_Tp830.csv,720000,719999.999999999,9.70127681891124e-16,2.3283064365387e-09,2.65596844397935e-15,0,1
479,State5_Moderate,2.2,8.3,0.181461,16,validation,pto_damping_loss,0.4,480000,C:\Users\Vissal\Downloads\New_WEC_Fault_detection\WEC-Sim\demostage\Matlab\reference_ar_hstp_project\dataset_reference_ideal\run00479_seed016_sev040_Hs220_Tp830.csv,480000,479999.999999998,3.88051072756449e-15,1.86264514923096e-09,2.88185411541379e-15,0,1
480,State5_Moderate,2.2,8.3,0.181461,16,validation,pto_damping_loss,0.2,240000,C:\Users\Vissal\Downloads\New_WEC_Fault_detection\WEC-Sim\demostage\Matlab\reference_ar_hstp_project\dataset_reference_ideal\run00480_seed016_sev020_Hs220_Tp830.csv,240000,240000,1.33392556260029e-15,2.2409949451685e-09,6.16140956715914e-15,0,1
481,State5_Moderate,2.2,8.3,0.181461,17,test,healthy,1,1200000,C:\Users\Vissal\Downloads\New_WEC_Fault_detection\WEC-Sim\demostage\Matlab\reference_ar_hstp_project\dataset_reference_ideal\run00481_seed017_sev100_Hs220_Tp830.csv,1200000,1200000,3.1044085820516e-15,3.02679836750031e-09,2.36685485217768e-15,0,1
482,State5_Moderate,2.2,8.3,0.181461,17,test,pto_damping_loss,0.8,960000,C:\Users\Vissal\Downloads\New_WEC_Fault_detection\WEC-Sim\demostage\Matlab\reference_ar_hstp_project\dataset_reference_ideal\run00482_seed017_sev080_Hs220_Tp830.csv,960000,959999.999999998,1.94025536378225e-15,2.56113708019257e-09,2.36697871517669e-15,0,1
483,State5_Moderate,2.2,8.3,0.181461,17,test,pto_damping_loss,0.6,720000,C:\Users\Vissal\Downloads\New_WEC_Fault_detection\WEC-Sim\demostage\Matlab\reference_ar_hstp_project\dataset_reference_ideal\run00483_seed017_sev060_Hs220_Tp830.csv,720000,719999.999999998,2.91038304567337e-15,2.09547579288483e-09,2.44115813951097e-15,0,1
484,State5_Moderate,2.2,8.3,0.181461,17,test,pto_damping_loss,0.4,480000,C:\Users\Vissal\Downloads\New_WEC_Fault_detection\WEC-Sim\demostage\Matlab\reference_ar_hstp_project\dataset_reference_ideal\run00484_seed017_sev040_Hs220_Tp830.csv,480000,480000,2.42531920472781e-16,1.74622982740402e-09,2.88029246696659e-15,0,1
485,State5_Moderate,2.2,8.3,0.181461,17,test,pto_damping_loss,0.2,240000,C:\Users\Vissal\Downloads\New_WEC_Fault_detection\WEC-Sim\demostage\Matlab\reference_ar_hstp_project\dataset_reference_ideal\run00485_seed017_sev020_Hs220_Tp830.csv,240000,240000,2.42531920472781e-16,1.92085281014442e-09,5.98957156124315e-15,0,1
486,State5_Moderate,2.2,8.3,0.181461,18,test,healthy,1,1200000,C:\Users\Vissal\Downloads\New_WEC_Fault_detection\WEC-Sim\demostage\Matlab\reference_ar_hstp_project\dataset_reference_ideal\run00486_seed018_sev100_Hs220_Tp830.csv,1200000,1200000,3.1044085820516e-15,2.6775524020195e-09,2.47659100804e-15,0,1
487,State5_Moderate,2.2,8.3,0.181461,18,test,pto_damping_loss,0.8,960000,C:\Users\Vissal\Downloads\New_WEC_Fault_detection\WEC-Sim\demostage\Matlab\reference_ar_hstp_project\dataset_reference_ideal\run00487_seed018_sev080_Hs220_Tp830.csv,960000,959999.999999996,3.88051072756449e-15,2.44472175836563e-09,2.63693238505823e-15,0,1
488,State5_Moderate,2.2,8.3,0.181461,18,test,pto_damping_loss,0.6,720000,C:\Users\Vissal\Downloads\New_WEC_Fault_detection\WEC-Sim\demostage\Matlab\reference_ar_hstp_project\dataset_reference_ideal\run00488_seed018_sev060_Hs220_Tp830.csv,720000,719999.999999998,2.74869509869152e-15,2.3283064365387e-09,3.09660738824739e-15,0,1
489,State5_Moderate,2.2,8.3,0.181461,18,test,pto_damping_loss,0.4,480000,C:\Users\Vissal\Downloads\New_WEC_Fault_detection\WEC-Sim\demostage\Matlab\reference_ar_hstp_project\dataset_reference_ideal\run00489_seed018_sev040_Hs220_Tp830.csv,480000,479999.999999998,4.36557456851006e-15,1.62981450557709e-09,2.98949365269534e-15,0,1
490,State5_Moderate,2.2,8.3,0.181461,18,test,pto_damping_loss,0.2,240000,C:\Users\Vissal\Downloads\New_WEC_Fault_detection\WEC-Sim\demostage\Matlab\reference_ar_hstp_project\dataset_reference_ideal\run00490_seed018_sev020_Hs220_Tp830.csv,240000,240000,6.06329801181952e-16,1.55705492943525e-09,5.24780982213102e-15,0,1
491,State5_Moderate,2.2,8.3,0.181461,19,test,healthy,1,1200000,C:\Users\Vissal\Downloads\New_WEC_Fault_detection\WEC-Sim\demostage\Matlab\reference_ar_hstp_project\dataset_reference_ideal\run00491_seed019_sev100_Hs220_Tp830.csv,1200000,1200000,2.52233197291692e-15,2.44472175836563e-09,2.39842737059856e-15,0,1
492,State5_Moderate,2.2,8.3,0.181461,19,test,pto_damping_loss,0.8,960000,C:\Users\Vissal\Downloads\New_WEC_Fault_detection\WEC-Sim\demostage\Matlab\reference_ar_hstp_project\dataset_reference_ideal\run00492_seed019_sev080_Hs220_Tp830.csv,960000,959999.999999995,5.45696821063757e-15,2.3283064365387e-09,2.70824920548744e-15,0,1
493,State5_Moderate,2.2,8.3,0.181461,19,test,pto_damping_loss,0.6,720000,C:\Users\Vissal\Downloads\New_WEC_Fault_detection\WEC-Sim\demostage\Matlab\reference_ar_hstp_project\dataset_reference_ideal\run00493_seed019_sev060_Hs220_Tp830.csv,720000,719999.999999999,1.29350357585483e-15,1.97906047105789e-09,2.86074613380842e-15,0,1
494,State5_Moderate,2.2,8.3,0.181461,19,test,pto_damping_loss,0.4,480000,C:\Users\Vissal\Downloads\New_WEC_Fault_detection\WEC-Sim\demostage\Matlab\reference_ar_hstp_project\dataset_reference_ideal\run00494_seed019_sev040_Hs220_Tp830.csv,480000,479999.999999998,3.63797880709171e-15,1.74622982740402e-09,3.47307556579229e-15,0,1
495,State5_Moderate,2.2,8.3,0.181461,19,test,pto_damping_loss,0.2,240000,C:\Users\Vissal\Downloads\New_WEC_Fault_detection\WEC-Sim\demostage\Matlab\reference_ar_hstp_project\dataset_reference_ideal\run00495_seed019_sev020_Hs220_Tp830.csv,240000,239999.999999999,4.48684052874645e-15,1.39698386192322e-09,4.94184911095165e-15,0,1
496,State5_Moderate,2.2,8.3,0.181461,20,test,healthy,1,1200000,C:\Users\Vissal\Downloads\New_WEC_Fault_detection\WEC-Sim\demostage\Matlab\reference_ar_hstp_project\dataset_reference_ideal\run00496_seed020_sev100_Hs220_Tp830.csv,1200000,1200000,1.5522042910258e-15,3.72529029846191e-09,2.58274760605103e-15,0,1
497,State5_Moderate,2.2,8.3,0.181461,20,test,pto_damping_loss,0.8,960000,C:\Users\Vissal\Downloads\New_WEC_Fault_detection\WEC-Sim\demostage\Matlab\reference_ar_hstp_project\dataset_reference_ideal\run00497_seed020_sev080_Hs220_Tp830.csv,960000,959999.999999998,2.42531920472781e-15,3.02679836750031e-09,2.45244416601246e-15,0,1
498,State5_Moderate,2.2,8.3,0.181461,20,test,pto_damping_loss,0.6,720000,C:\Users\Vissal\Downloads\New_WEC_Fault_detection\WEC-Sim\demostage\Matlab\reference_ar_hstp_project\dataset_reference_ideal\run00498_seed020_sev060_Hs220_Tp830.csv,720000,719999.999999998,2.91038304567337e-15,2.6775524020195e-09,2.68751172645708e-15,0,1
499,State5_Moderate,2.2,8.3,0.181461,20,test,pto_damping_loss,0.4,480000,C:\Users\Vissal\Downloads\New_WEC_Fault_detection\WEC-Sim\demostage\Matlab\reference_ar_hstp_project\dataset_reference_ideal\run00499_seed020_sev040_Hs220_Tp830.csv,480000,479999.999999998,4.48684052874645e-15,2.03726813197136e-09,2.82607118326518e-15,0,1
500,State5_Moderate,2.2,8.3,0.181461,20,test,pto_damping_loss,0.2,240000,C:\Users\Vissal\Downloads\New_WEC_Fault_detection\WEC-Sim\demostage\Matlab\reference_ar_hstp_project\dataset_reference_ideal\run00500_seed020_sev020_Hs220_Tp830.csv,240000,239999.999999999,2.66785112520059e-15,2.12457962334156e-09,5.36534867720882e-15,0,1
