runID,stateName,Hs,Tp,phaseSeed,split,faultName,severity,sourceFile,processedFile,nRawSamples,nPostRampSamples,nPreparedSamples,rawFs_Hz,preparedFs_Hz,surgeEnergyAtOrBelow2Hz,heaveEnergyAtOrBelow2Hz,pitchEnergyAtOrBelow2Hz,relDispEnergyAtOrBelow2Hz,relVelEnergyAtOrBelow2Hz,ptoForceEnergyAtOrBelow2Hz
1,State1_Calm,1.1,8.5,1,train,healthy,1,run00001_seed001_sev100_Hs110_Tp850.csv,run00001_seed001_sev100_Hs110_Tp850_5hz.csv,20001,19001,9501,10,5,0.99999904854392,0.999997464913377,0.999997386964009,0.999997356062681,0.999998066066254,0.999998066066254
2,State1_Calm,1.1,8.5,1,train,pto_damping_loss,0.8,run00002_seed001_sev080_Hs110_Tp850.csv,run00002_seed001_sev080_Hs110_Tp850_5hz.csv,20001,19001,9501,10,5,0.999999057635568,0.999997475543724,0.999997431529846,0.999997325945856,0.999998076091586,0.999998076091586
3,State1_Calm,1.1,8.5,1,train,pto_damping_loss,0.6,run00003_seed001_sev060_Hs110_Tp850.csv,run00003_seed001_sev060_Hs110_Tp850_5hz.csv,20001,19001,9501,10,5,0.999999067426343,0.999997487239476,0.999997474486787,0.999997296163996,0.999998091963425,0.999998091963425
4,State1_Calm,1.1,8.5,1,train,pto_damping_loss,0.4,run00004_seed001_sev040_Hs110_Tp850.csv,run00004_seed001_sev040_Hs110_Tp850_5hz.csv,20001,19001,9501,10,5,0.999999077817926,0.999997499247292,0.999997517479991,0.999997270925194,0.999998116569362,0.999998116569362
5,State1_Calm,1.1,8.5,1,train,pto_damping_loss,0.2,run00005_seed001_sev020_Hs110_Tp850.csv,run00005_seed001_sev020_Hs110_Tp850_5hz.csv,20001,19001,9501,10,5,0.999999088720418,0.999997510799183,0.999997563904609,0.999997263513598,0.999998152212717,0.999998152212717
6,State1_Calm,1.1,8.5,2,train,healthy,1,run00006_seed002_sev100_Hs110_Tp850.csv,run00006_seed002_sev100_Hs110_Tp850_5hz.csv,20001,19001,9501,10,5,0.999999195972882,0.999998155072368,0.999999393671726,0.999998704948517,0.999999208565403,0.999999208565403
7,State1_Calm,1.1,8.5,2,train,pto_damping_loss,0.8,run00007_seed002_sev080_Hs110_Tp850.csv,run00007_seed002_sev080_Hs110_Tp850_5hz.csv,20001,19001,9501,10,5,0.999999193869757,0.999998173553947,0.999999379198385,0.999998732728247,0.999999237914777,0.999999237914777
8,State1_Calm,1.1,8.5,2,train,pto_damping_loss,0.6,run00008_seed002_sev060_Hs110_Tp850.csv,run00008_seed002_sev060_Hs110_Tp850_5hz.csv,20001,19001,9501,10,5,0.99999919487255,0.999998194854784,0.999999370087694,0.999998776978974,0.999999269383832,0.999999269383832
9,State1_Calm,1.1,8.5,2,train,pto_damping_loss,0.4,run00009_seed002_sev040_Hs110_Tp850.csv,run00009_seed002_sev040_Hs110_Tp850_5hz.csv,20001,19001,9501,10,5,0.999999200103273,0.999998220361886,0.999999371695202,0.999998846689,0.999999302747554,0.999999302747554
10,State1_Calm,1.1,8.5,2,train,pto_damping_loss,0.2,run00010_seed002_sev020_Hs110_Tp850.csv,run00010_seed002_sev020_Hs110_Tp850_5hz.csv,20001,19001,9501,10,5,0.999999210889022,0.999998251843491,0.999999390123791,0.999998958191336,0.999999336699251,0.999999336699251
11,State1_Calm,1.1,8.5,3,train,healthy,1,run00011_seed003_sev100_Hs110_Tp850.csv,run00011_seed003_sev100_Hs110_Tp850_5hz.csv,20001,19001,9501,10,5,0.999998221529917,0.99999836104018,0.999998197096776,0.999998219419649,0.999998100839725,0.999998100839724
12,State1_Calm,1.1,8.5,3,train,pto_damping_loss,0.8,run00012_seed003_sev080_Hs110_Tp850.csv,run00012_seed003_sev080_Hs110_Tp850_5hz.csv,20001,19001,9501,10,5,0.999998215654194,0.999998337675817,0.999998156402134,0.999998167626089,0.999998198861995,0.999998198861995
13,State1_Calm,1.1,8.5,3,train,pto_damping_loss,0.6,run00013_seed003_sev060_Hs110_Tp850.csv,run00013_seed003_sev060_Hs110_Tp850_5hz.csv,20001,19001,9501,10,5,0.999998208877964,0.999998308027989,0.999998113345676,0.999998115966527,0.999998305193763,0.999998305193763
14,State1_Calm,1.1,8.5,3,train,pto_damping_loss,0.4,run00014_seed003_sev040_Hs110_Tp850.csv,run00014_seed003_sev040_Hs110_Tp850_5hz.csv,20001,19001,9501,10,5,0.999998200961194,0.999998272242585,0.999998066412276,0.999998075459313,0.999998418334359,0.999998418334358
15,State1_Calm,1.1,8.5,3,train,pto_damping_loss,0.2,run00015_seed003_sev020_Hs110_Tp850.csv,run00015_seed003_sev020_Hs110_Tp850_5hz.csv,20001,19001,9501,10,5,0.999998191730384,0.999998232993742,0.999998012684816,0.999998070475507,0.999998536365271,0.999998536365271
16,State1_Calm,1.1,8.5,4,train,healthy,1,run00016_seed004_sev100_Hs110_Tp850.csv,run00016_seed004_sev100_Hs110_Tp850_5hz.csv,20001,19001,9501,10,5,0.999998352714542,0.999998647751163,0.999997973130108,0.999998132282611,0.999999104099991,0.999999104099992
17,State1_Calm,1.1,8.5,4,train,pto_damping_loss,0.8,run00017_seed004_sev080_Hs110_Tp850.csv,run00017_seed004_sev080_Hs110_Tp850_5hz.csv,20001,19001,9501,10,5,0.9999983739691,0.999998686778277,0.999998047589627,0.999998154115215,0.999999100113837,0.999999100113837
18,State1_Calm,1.1,8.5,4,train,pto_damping_loss,0.6,run00018_seed004_sev060_Hs110_Tp850.csv,run00018_seed004_sev060_Hs110_Tp850_5hz.csv,20001,19001,9501,10,5,0.999998396029778,0.999998733644361,0.999998122932928,0.999998179459469,0.999999097488787,0.999999097488787
19,State1_Calm,1.1,8.5,4,train,pto_damping_loss,0.4,run00019_seed004_sev040_Hs110_Tp850.csv,run00019_seed004_sev040_Hs110_Tp850_5hz.csv,20001,19001,9501,10,5,0.999998419249935,0.999998791798142,0.999998200409374,0.999998206971514,0.999999099191336,0.999999099191336
20,State1_Calm,1.1,8.5,4,train,pto_damping_loss,0.2,run00020_seed004_sev020_Hs110_Tp850.csv,run00020_seed004_sev020_Hs110_Tp850_5hz.csv,20001,19001,9501,10,5,0.999998444891524,0.999998866153011,0.999998285973084,0.999998229582241,0.999999108691698,0.999999108691698
21,State1_Calm,1.1,8.5,5,train,healthy,1,run00021_seed005_sev100_Hs110_Tp850.csv,run00021_seed005_sev100_Hs110_Tp850_5hz.csv,20001,19001,9501,10,5,0.999999318470665,0.999998197223572,0.999999249071813,0.999999227522525,0.999998767741075,0.999998767741075
22,State1_Calm,1.1,8.5,5,train,pto_damping_loss,0.8,run00022_seed005_sev080_Hs110_Tp850.csv,run00022_seed005_sev080_Hs110_Tp850_5hz.csv,20001,19001,9501,10,5,0.999999303839235,0.999998198117838,0.999999216736316,0.999999220280554,0.999998735130773,0.999998735130773
23,State1_Calm,1.1,8.5,5,train,pto_damping_loss,0.6,run00023_seed005_sev060_Hs110_Tp850.csv,run00023_seed005_sev060_Hs110_Tp850_5hz.csv,20001,19001,9501,10,5,0.999999284774062,0.999998196210218,0.999999172138148,0.999999217458897,0.999998689812654,0.999998689812654
24,State1_Calm,1.1,8.5,5,train,pto_damping_loss,0.4,run00024_seed005_sev040_Hs110_Tp850.csv,run00024_seed005_sev040_Hs110_Tp850_5hz.csv,20001,19001,9501,10,5,0.999999260167525,0.99999819159335,0.999999112291628,0.999999223438716,0.999998630324758,0.999998630324758
25,State1_Calm,1.1,8.5,5,train,pto_damping_loss,0.2,run00025_seed005_sev020_Hs110_Tp850.csv,run00025_seed005_sev020_Hs110_Tp850_5hz.csv,20001,19001,9501,10,5,0.999999228216333,0.999998185656476,0.999999033049122,0.999999245897477,0.999998558013263,0.999998558013263
26,State1_Calm,1.1,8.5,6,train,healthy,1,run00026_seed006_sev100_Hs110_Tp850.csv,run00026_seed006_sev100_Hs110_Tp850_5hz.csv,20001,19001,9501,10,5,0.999998269883602,0.999998370833532,0.999997839740725,0.999998824549571,0.99999860776061,0.999998607760609
27,State1_Calm,1.1,8.5,6,train,pto_damping_loss,0.8,run00027_seed006_sev080_Hs110_Tp850.csv,run00027_seed006_sev080_Hs110_Tp850_5hz.csv,20001,19001,9501,10,5,0.999998284209175,0.999998378629818,0.999997886839344,0.999998843576887,0.999998656749861,0.999998656749861
28,State1_Calm,1.1,8.5,6,train,pto_damping_loss,0.6,run00028_seed006_sev060_Hs110_Tp850.csv,run00028_seed006_sev060_Hs110_Tp850_5hz.csv,20001,19001,9501,10,5,0.99999829736268,0.999998385959572,0.999997937173876,0.999998861213382,0.999998718647794,0.999998718647794
29,State1_Calm,1.1,8.5,6,train,pto_damping_loss,0.4,run00029_seed006_sev040_Hs110_Tp850.csv,run00029_seed006_sev040_Hs110_Tp850_5hz.csv,20001,19001,9501,10,5,0.999998308858937,0.999998391838247,0.999997986970314,0.999998873859625,0.999998796769371,0.999998796769371
30,State1_Calm,1.1,8.5,6,train,pto_damping_loss,0.2,run00030_seed006_sev020_Hs110_Tp850.csv,run00030_seed006_sev020_Hs110_Tp850_5hz.csv,20001,19001,9501,10,5,0.999998318581033,0.999998393988049,0.999998034093487,0.999998874039912,0.999998893796972,0.999998893796973
31,State1_Calm,1.1,8.5,7,train,healthy,1,run00031_seed007_sev100_Hs110_Tp850.csv,run00031_seed007_sev100_Hs110_Tp850_5hz.csv,20001,19001,9501,10,5,0.999997893806134,0.99999840935142,0.999997576637987,0.999998854515611,0.999998737180078,0.999998737180078
32,State1_Calm,1.1,8.5,7,train,pto_damping_loss,0.8,run00032_seed007_sev080_Hs110_Tp850.csv,run00032_seed007_sev080_Hs110_Tp850_5hz.csv,20001,19001,9501,10,5,0.999997911117754,0.999998443539795,0.999997616509804,0.99999890826657,0.999998724888336,0.999998724888336
33,State1_Calm,1.1,8.5,7,train,pto_damping_loss,0.6,run00033_seed007_sev060_Hs110_Tp850.csv,run00033_seed007_sev060_Hs110_Tp850_5hz.csv,20001,19001,9501,10,5,0.999997925783944,0.999998474634271,0.999997651399518,0.9999989655695,0.999998711157513,0.999998711157513
34,State1_Calm,1.1,8.5,7,train,pto_damping_loss,0.4,run00034_seed007_sev040_Hs110_Tp850.csv,run00034_seed007_sev040_Hs110_Tp850_5hz.csv,20001,19001,9501,10,5,0.999997938143756,0.999998500253117,0.999997681429472,0.999999027927404,0.999998695788323,0.999998695788323
35,State1_Calm,1.1,8.5,7,train,pto_damping_loss,0.2,run00035_seed007_sev020_Hs110_Tp850.csv,run00035_seed007_sev020_Hs110_Tp850_5hz.csv,20001,19001,9501,10,5,0.999997949602102,0.999998517206516,0.999997709815402,0.999999101002883,0.99999867929387,0.99999867929387
36,State1_Calm,1.1,8.5,8,train,healthy,1,run00036_seed008_sev100_Hs110_Tp850.csv,run00036_seed008_sev100_Hs110_Tp850_5hz.csv,20001,19001,9501,10,5,0.999998005961854,0.99999834135068,0.999999147146998,0.999999189826119,0.999998346166225,0.999998346166225
37,State1_Calm,1.1,8.5,8,train,pto_damping_loss,0.8,run00037_seed008_sev080_Hs110_Tp850.csv,run00037_seed008_sev080_Hs110_Tp850_5hz.csv,20001,19001,9501,10,5,0.999998002585064,0.999998389869889,0.999999155688564,0.999999156539887,0.999998435533518,0.999998435533518
38,State1_Calm,1.1,8.5,8,train,pto_damping_loss,0.6,run00038_seed008_sev060_Hs110_Tp850.csv,run00038_seed008_sev060_Hs110_Tp850_5hz.csv,20001,19001,9501,10,5,0.999997999063263,0.99999844285369,0.999999169230789,0.9999991073589,0.999998556132005,0.999998556132005
39,State1_Calm,1.1,8.5,8,train,pto_damping_loss,0.4,run00039_seed008_sev040_Hs110_Tp850.csv,run00039_seed008_sev040_Hs110_Tp850_5hz.csv,20001,19001,9501,10,5,0.999997995364784,0.999998500054058,0.99999918872934,0.999999040324334,0.999998711065022,0.999998711065022
40,State1_Calm,1.1,8.5,8,train,pto_damping_loss,0.2,run00040_seed008_sev020_Hs110_Tp850.csv,run00040_seed008_sev020_Hs110_Tp850_5hz.csv,20001,19001,9501,10,5,0.999997991471822,0.999998561697127,0.999999214291756,0.999998956083693,0.999998892658405,0.999998892658405
41,State1_Calm,1.1,8.5,9,train,healthy,1,run00041_seed009_sev100_Hs110_Tp850.csv,run00041_seed009_sev100_Hs110_Tp850_5hz.csv,20001,19001,9501,10,5,0.999997628889075,0.999998251192845,0.999997581367912,0.999999204228325,0.999997315672958,0.999997315672958
42,State1_Calm,1.1,8.5,9,train,pto_damping_loss,0.8,run00042_seed009_sev080_Hs110_Tp850.csv,run00042_seed009_sev080_Hs110_Tp850_5hz.csv,20001,19001,9501,10,5,0.999997638727708,0.999998268575389,0.999997618105701,0.999999135188713,0.999997406907076,0.999997406907075
43,State1_Calm,1.1,8.5,9,train,pto_damping_loss,0.6,run00043_seed009_sev060_Hs110_Tp850.csv,run00043_seed009_sev060_Hs110_Tp850_5hz.csv,20001,19001,9501,10,5,0.999997648498148,0.999998281404762,0.999997666583809,0.999999033018647,0.999997531784707,0.999997531784707
44,State1_Calm,1.1,8.5,9,train,pto_damping_loss,0.4,run00044_seed009_sev040_Hs110_Tp850.csv,run00044_seed009_sev040_Hs110_Tp850_5hz.csv,20001,19001,9501,10,5,0.999997657506246,0.999998287747706,0.999997728481079,0.999998885637929,0.999997699421031,0.999997699421031
45,State1_Calm,1.1,8.5,9,train,pto_damping_loss,0.2,run00045_seed009_sev020_Hs110_Tp850.csv,run00045_seed009_sev020_Hs110_Tp850_5hz.csv,20001,19001,9501,10,5,0.999997665564184,0.999998284708414,0.999997807563959,0.999998675069963,0.999997918980673,0.999997918980673
46,State1_Calm,1.1,8.5,10,train,healthy,1,run00046_seed010_sev100_Hs110_Tp850.csv,run00046_seed010_sev100_Hs110_Tp850_5hz.csv,20001,19001,9501,10,5,0.999998598538489,0.99999769772514,0.999998156293975,0.999998794446939,0.999998597453179,0.999998597453179
47,State1_Calm,1.1,8.5,10,train,pto_damping_loss,0.8,run00047_seed010_sev080_Hs110_Tp850.csv,run00047_seed010_sev080_Hs110_Tp850_5hz.csv,20001,19001,9501,10,5,0.999998594177044,0.999997678038039,0.999998080592495,0.999998828239559,0.999998589666487,0.999998589666487
48,State1_Calm,1.1,8.5,10,train,pto_damping_loss,0.6,run00048_seed010_sev060_Hs110_Tp850.csv,run00048_seed010_sev060_Hs110_Tp850_5hz.csv,20001,19001,9501,10,5,0.999998587901357,0.999997656234508,0.999997996411094,0.999998862376774,0.999998598085438,0.999998598085438
49,State1_Calm,1.1,8.5,10,train,pto_damping_loss,0.4,run00049_seed010_sev040_Hs110_Tp850.csv,run00049_seed010_sev040_Hs110_Tp850_5hz.csv,20001,19001,9501,10,5,0.999998579510925,0.999997629918934,0.999997907956621,0.999998892135031,0.999998631067186,0.999998631067186
50,State1_Calm,1.1,8.5,10,train,pto_damping_loss,0.2,run00050_seed010_sev020_Hs110_Tp850.csv,run00050_seed010_sev020_Hs110_Tp850_5hz.csv,20001,19001,9501,10,5,0.999998568526002,0.999997594806378,0.999997818794337,0.999998908098301,0.999998697508897,0.999998697508897
51,State1_Calm,1.1,8.5,11,train,healthy,1,run00051_seed011_sev100_Hs110_Tp850.csv,run00051_seed011_sev100_Hs110_Tp850_5hz.csv,20001,19001,9501,10,5,0.99999764692209,0.999997140808732,0.99999913691723,0.999997550796958,0.999999227820567,0.999999227820567
52,State1_Calm,1.1,8.5,11,train,pto_damping_loss,0.8,run00052_seed011_sev080_Hs110_Tp850.csv,run00052_seed011_sev080_Hs110_Tp850_5hz.csv,20001,19001,9501,10,5,0.999997637210984,0.99999709959996,0.999999068889834,0.999997525710911,0.999999166842164,0.999999166842164
53,State1_Calm,1.1,8.5,11,train,pto_damping_loss,0.6,run00053_seed011_sev060_Hs110_Tp850.csv,run00053_seed011_sev060_Hs110_Tp850_5hz.csv,20001,19001,9501,10,5,0.999997625277045,0.99999706533243,0.999998993271518,0.999997508452317,0.999999080292875,0.999999080292875
54,State1_Calm,1.1,8.5,11,train,pto_damping_loss,0.4,run00054_seed011_sev040_Hs110_Tp850.csv,run00054_seed011_sev040_Hs110_Tp850_5hz.csv,20001,19001,9501,10,5,0.999997610822067,0.999997041373357,0.999998908654034,0.999997500477441,0.999998970807896,0.999998970807896
55,State1_Calm,1.1,8.5,11,train,pto_damping_loss,0.2,run00055_seed011_sev020_Hs110_Tp850.csv,run00055_seed011_sev020_Hs110_Tp850_5hz.csv,20001,19001,9501,10,5,0.999997593413839,0.999997030593525,0.999998811407111,0.999997498518994,0.999998857546386,0.999998857546386
56,State1_Calm,1.1,8.5,12,train,healthy,1,run00056_seed012_sev100_Hs110_Tp850.csv,run00056_seed012_sev100_Hs110_Tp850_5hz.csv,20001,19001,9501,10,5,0.999999029639646,0.999998208815237,0.999997351047424,0.999999460608615,0.999997820330247,0.999997820330247
57,State1_Calm,1.1,8.5,12,train,pto_damping_loss,0.8,run00057_seed012_sev080_Hs110_Tp850.csv,run00057_seed012_sev080_Hs110_Tp850_5hz.csv,20001,19001,9501,10,5,0.999999036588338,0.999998214341082,0.999997375768864,0.999999458745136,0.999997844123941,0.999997844123941
58,State1_Calm,1.1,8.5,12,train,pto_damping_loss,0.6,run00058_seed012_sev060_Hs110_Tp850.csv,run00058_seed012_sev060_Hs110_Tp850_5hz.csv,20001,19001,9501,10,5,0.999999045005824,0.999998219759062,0.999997406383293,0.99999943480039,0.999997887336921,0.999997887336921
59,State1_Calm,1.1,8.5,12,train,pto_damping_loss,0.4,run00059_seed012_sev040_Hs110_Tp850.csv,run00059_seed012_sev040_Hs110_Tp850_5hz.csv,20001,19001,9501,10,5,0.999999055461301,0.999998224623909,0.999997445435081,0.999999380339636,0.999997954504126,0.999997954504126
60,State1_Calm,1.1,8.5,12,train,pto_damping_loss,0.2,run00060_seed012_sev020_Hs110_Tp850.csv,run00060_seed012_sev020_Hs110_Tp850_5hz.csv,20001,19001,9501,10,5,0.99999906884678,0.999998228645295,0.999997497051734,0.999999284324891,0.999998044841524,0.999998044841524
61,State1_Calm,1.1,8.5,13,validation,healthy,1,run00061_seed013_sev100_Hs110_Tp850.csv,run00061_seed013_sev100_Hs110_Tp850_5hz.csv,20001,19001,9501,10,5,0.999998298410614,0.999998250450309,0.999998578338375,0.999997288366734,0.999998960792316,0.999998960792316
62,State1_Calm,1.1,8.5,13,validation,pto_damping_loss,0.8,run00062_seed013_sev080_Hs110_Tp850.csv,run00062_seed013_sev080_Hs110_Tp850_5hz.csv,20001,19001,9501,10,5,0.9999982936289,0.999998238646899,0.999998557733328,0.999997387815843,0.999998936361631,0.999998936361632
63,State1_Calm,1.1,8.5,13,validation,pto_damping_loss,0.6,run00063_seed013_sev060_Hs110_Tp850.csv,run00063_seed013_sev060_Hs110_Tp850_5hz.csv,20001,19001,9501,10,5,0.999998288581465,0.99999822319638,0.999998536164712,0.999997508930791,0.999998907368372,0.999998907368372
64,State1_Calm,1.1,8.5,13,validation,pto_damping_loss,0.4,run00064_seed013_sev040_Hs110_Tp850.csv,run00064_seed013_sev040_Hs110_Tp850_5hz.csv,20001,19001,9501,10,5,0.999998283420087,0.999998201798111,0.999998516805747,0.999997651996709,0.99999887443742,0.99999887443742
65,State1_Calm,1.1,8.5,13,validation,pto_damping_loss,0.2,run00065_seed013_sev020_Hs110_Tp850.csv,run00065_seed013_sev020_Hs110_Tp850_5hz.csv,20001,19001,9501,10,5,0.999998278410829,0.99999817011261,0.999998506475315,0.999997815256109,0.999998832846175,0.999998832846175
66,State1_Calm,1.1,8.5,14,validation,healthy,1,run00066_seed014_sev100_Hs110_Tp850.csv,run00066_seed014_sev100_Hs110_Tp850_5hz.csv,20001,19001,9501,10,5,0.999996817142457,0.999997703249312,0.99999786253108,0.999998577938011,0.999998407540421,0.999998407540421
67,State1_Calm,1.1,8.5,14,validation,pto_damping_loss,0.8,run00067_seed014_sev080_Hs110_Tp850.csv,run00067_seed014_sev080_Hs110_Tp850_5hz.csv,20001,19001,9501,10,5,0.999996828550251,0.999997743003143,0.999997885505738,0.999998612660266,0.999998485207753,0.999998485207752
68,State1_Calm,1.1,8.5,14,validation,pto_damping_loss,0.6,run00068_seed014_sev060_Hs110_Tp850.csv,run00068_seed014_sev060_Hs110_Tp850_5hz.csv,20001,19001,9501,10,5,0.999996840716228,0.999997788501195,0.999997904611744,0.999998648759513,0.999998587126798,0.999998587126798
69,State1_Calm,1.1,8.5,14,validation,pto_damping_loss,0.4,run00069_seed014_sev040_Hs110_Tp850.csv,run00069_seed014_sev040_Hs110_Tp850_5hz.csv,20001,19001,9501,10,5,0.999996854122454,0.999997838360438,0.999997918709029,0.999998685195582,0.999998724911917,0.999998724911917
70,State1_Calm,1.1,8.5,14,validation,pto_damping_loss,0.2,run00070_seed014_sev020_Hs110_Tp850.csv,run00070_seed014_sev020_Hs110_Tp850_5hz.csv,20001,19001,9501,10,5,0.999996869643412,0.999997887595182,0.999997928209143,0.999998723498714,0.999998912542976,0.999998912542976
71,State1_Calm,1.1,8.5,15,validation,healthy,1,run00071_seed015_sev100_Hs110_Tp850.csv,run00071_seed015_sev100_Hs110_Tp850_5hz.csv,20001,19001,9501,10,5,0.99999710987778,0.999998406913815,0.999997274038869,0.999998286606041,0.999996473273083,0.999996473273083
72,State1_Calm,1.1,8.5,15,validation,pto_damping_loss,0.8,run00072_seed015_sev080_Hs110_Tp850.csv,run00072_seed015_sev080_Hs110_Tp850_5hz.csv,20001,19001,9501,10,5,0.999997081723816,0.999998441665756,0.99999710914238,0.99999833417375,0.999996405837837,0.999996405837837
73,State1_Calm,1.1,8.5,15,validation,pto_damping_loss,0.6,run00073_seed015_sev060_Hs110_Tp850.csv,run00073_seed015_sev060_Hs110_Tp850_5hz.csv,20001,19001,9501,10,5,0.999997056043931,0.999998483002063,0.999996930604684,0.99999837085664,0.999996349200721,0.999996349200721
74,State1_Calm,1.1,8.5,15,validation,pto_damping_loss,0.4,run00074_seed015_sev040_Hs110_Tp850.csv,run00074_seed015_sev040_Hs110_Tp850_5hz.csv,20001,19001,9501,10,5,0.999997031878999,0.999998533322808,0.999996734209453,0.999998394893777,0.999996311766356,0.999996311766356
75,State1_Calm,1.1,8.5,15,validation,pto_damping_loss,0.2,run00075_seed015_sev020_Hs110_Tp850.csv,run00075_seed015_sev020_Hs110_Tp850_5hz.csv,20001,19001,9501,10,5,0.999997006003035,0.999998596708425,0.999996507221354,0.999998412235574,0.999996304164871,0.999996304164871
76,State1_Calm,1.1,8.5,16,validation,healthy,1,run00076_seed016_sev100_Hs110_Tp850.csv,run00076_seed016_sev100_Hs110_Tp850_5hz.csv,20001,19001,9501,10,5,0.999997622538222,0.999998132086824,0.999997720278973,0.999996515292953,0.999997420528105,0.999997420528105
77,State1_Calm,1.1,8.5,16,validation,pto_damping_loss,0.8,run00077_seed016_sev080_Hs110_Tp850.csv,run00077_seed016_sev080_Hs110_Tp850_5hz.csv,20001,19001,9501,10,5,0.999997629708046,0.999998104686744,0.999997785487624,0.999996484944795,0.99999748616991,0.99999748616991
78,State1_Calm,1.1,8.5,16,validation,pto_damping_loss,0.6,run00078_seed016_sev060_Hs110_Tp850.csv,run00078_seed016_sev060_Hs110_Tp850_5hz.csv,20001,19001,9501,10,5,0.999997638740703,0.999998071976791,0.999997862090719,0.999996463808351,0.999997556236223,0.999997556236223
79,State1_Calm,1.1,8.5,16,validation,pto_damping_loss,0.4,run00079_seed016_sev040_Hs110_Tp850.csv,run00079_seed016_sev040_Hs110_Tp850_5hz.csv,20001,19001,9501,10,5,0.999997649620183,0.999998034551951,0.999997950286713,0.999996456504942,0.999997634125359,0.999997634125358
80,State1_Calm,1.1,8.5,16,validation,pto_damping_loss,0.2,run00080_seed016_sev020_Hs110_Tp850.csv,run00080_seed016_sev020_Hs110_Tp850_5hz.csv,20001,19001,9501,10,5,0.999997662024367,0.999997993957902,0.999998049527041,0.999996471891582,0.999997726097905,0.999997726097905
81,State1_Calm,1.1,8.5,17,test,healthy,1,run00081_seed017_sev100_Hs110_Tp850.csv,run00081_seed017_sev100_Hs110_Tp850_5hz.csv,20001,19001,9501,10,5,0.99999935026272,0.999998183529752,0.999999143536311,0.999998454469162,0.999999669217481,0.999999669217481
82,State1_Calm,1.1,8.5,17,test,pto_damping_loss,0.8,run00082_seed017_sev080_Hs110_Tp850.csv,run00082_seed017_sev080_Hs110_Tp850_5hz.csv,20001,19001,9501,10,5,0.999999350130648,0.999998183154469,0.999999199231179,0.999998462134661,0.999999667407556,0.999999667407556
83,State1_Calm,1.1,8.5,17,test,pto_damping_loss,0.6,run00083_seed017_sev060_Hs110_Tp850.csv,run00083_seed017_sev060_Hs110_Tp850_5hz.csv,20001,19001,9501,10,5,0.999999347946539,0.999998186326326,0.999999261384177,0.999998463404867,0.999999645093876,0.999999645093876
84,State1_Calm,1.1,8.5,17,test,pto_damping_loss,0.4,run00084_seed017_sev040_Hs110_Tp850.csv,run00084_seed017_sev040_Hs110_Tp850_5hz.csv,20001,19001,9501,10,5,0.999999342482733,0.99999819271899,0.999999326872921,0.999998448985996,0.999999593291048,0.999999593291048
85,State1_Calm,1.1,8.5,17,test,pto_damping_loss,0.2,run00085_seed017_sev020_Hs110_Tp850.csv,run00085_seed017_sev020_Hs110_Tp850_5hz.csv,20001,19001,9501,10,5,0.999999332149906,0.999998199160745,0.99999939132046,0.999998399333548,0.99999949923958,0.999999499239579
86,State1_Calm,1.1,8.5,18,test,healthy,1,run00086_seed018_sev100_Hs110_Tp850.csv,run00086_seed018_sev100_Hs110_Tp850_5hz.csv,20001,19001,9501,10,5,0.999998477120012,0.999997714841824,0.999998486733124,0.99999622772967,0.999998925751162,0.999998925751162
87,State1_Calm,1.1,8.5,18,test,pto_damping_loss,0.8,run00087_seed018_sev080_Hs110_Tp850.csv,run00087_seed018_sev080_Hs110_Tp850_5hz.csv,20001,19001,9501,10,5,0.9999984772686,0.999997705427184,0.999998480037403,0.999996175228011,0.999998978683013,0.999998978683013
88,State1_Calm,1.1,8.5,18,test,pto_damping_loss,0.6,run00088_seed018_sev060_Hs110_Tp850.csv,run00088_seed018_sev060_Hs110_Tp850_5hz.csv,20001,19001,9501,10,5,0.99999848101789,0.999997696866723,0.999998481450153,0.999996116238661,0.999999028307555,0.999999028307555
89,State1_Calm,1.1,8.5,18,test,pto_damping_loss,0.4,run00089_seed018_sev040_Hs110_Tp850.csv,run00089_seed018_sev040_Hs110_Tp850_5hz.csv,20001,19001,9501,10,5,0.999998489898637,0.999997687683242,0.99999849581816,0.999996047142429,0.999999071062063,0.999999071062063
90,State1_Calm,1.1,8.5,18,test,pto_damping_loss,0.2,run00090_seed018_sev020_Hs110_Tp850.csv,run00090_seed018_sev020_Hs110_Tp850_5hz.csv,20001,19001,9501,10,5,0.999998505754056,0.99999767378865,0.999998529646598,0.99999596204966,0.999999096794899,0.999999096794899
91,State1_Calm,1.1,8.5,19,test,healthy,1,run00091_seed019_sev100_Hs110_Tp850.csv,run00091_seed019_sev100_Hs110_Tp850_5hz.csv,20001,19001,9501,10,5,0.999999220616785,0.999998053463596,0.999997361148541,0.99999883448588,0.999997562241441,0.999997562241441
92,State1_Calm,1.1,8.5,19,test,pto_damping_loss,0.8,run00092_seed019_sev080_Hs110_Tp850.csv,run00092_seed019_sev080_Hs110_Tp850_5hz.csv,20001,19001,9501,10,5,0.999999222254717,0.999998027870887,0.999997358619228,0.999998851614936,0.999997541050997,0.999997541050997
93,State1_Calm,1.1,8.5,19,test,pto_damping_loss,0.6,run00093_seed019_sev060_Hs110_Tp850.csv,run00093_seed019_sev060_Hs110_Tp850_5hz.csv,20001,19001,9501,10,5,0.99999922333782,0.999997995866719,0.999997353328187,0.999998875477123,0.999997524548879,0.999997524548879
94,State1_Calm,1.1,8.5,19,test,pto_damping_loss,0.4,run00094_seed019_sev040_Hs110_Tp850.csv,run00094_seed019_sev040_Hs110_Tp850_5hz.csv,20001,19001,9501,10,5,0.999999223318875,0.999997955722025,0.999997343043589,0.999998903510232,0.999997532069569,0.999997532069568
95,State1_Calm,1.1,8.5,19,test,pto_damping_loss,0.2,run00095_seed019_sev020_Hs110_Tp850.csv,run00095_seed019_sev020_Hs110_Tp850_5hz.csv,20001,19001,9501,10,5,0.999999221229608,0.999997905207146,0.999997325802957,0.99999892667563,0.999997608210541,0.999997608210541
96,State1_Calm,1.1,8.5,20,test,healthy,1,run00096_seed020_sev100_Hs110_Tp850.csv,run00096_seed020_sev100_Hs110_Tp850_5hz.csv,20001,19001,9501,10,5,0.999998918434022,0.999998244864788,0.99999869634284,0.999997018338407,0.999998896338818,0.999998896338818
97,State1_Calm,1.1,8.5,20,test,pto_damping_loss,0.8,run00097_seed020_sev080_Hs110_Tp850.csv,run00097_seed020_sev080_Hs110_Tp850_5hz.csv,20001,19001,9501,10,5,0.999998931115623,0.999998261927294,0.999998713731364,0.999997012826467,0.999998850418574,0.999998850418574
98,State1_Calm,1.1,8.5,20,test,pto_damping_loss,0.6,run00098_seed020_sev060_Hs110_Tp850.csv,run00098_seed020_sev060_Hs110_Tp850_5hz.csv,20001,19001,9501,10,5,0.99999894671683,0.999998277290312,0.999998733858553,0.999997026924871,0.999998788879134,0.999998788879134
99,State1_Calm,1.1,8.5,20,test,pto_damping_loss,0.4,run00099_seed020_sev040_Hs110_Tp850.csv,run00099_seed020_sev040_Hs110_Tp850_5hz.csv,20001,19001,9501,10,5,0.999998965480222,0.999998288805854,0.999998755913159,0.999997071659616,0.999998701231536,0.999998701231535
100,State1_Calm,1.1,8.5,20,test,pto_damping_loss,0.2,run00100_seed020_sev020_Hs110_Tp850.csv,run00100_seed020_sev020_Hs110_Tp850_5hz.csv,20001,19001,9501,10,5,0.999998987398041,0.999998293681858,0.999998778042825,0.999997163826737,0.999998568080845,0.999998568080845
101,State2_Mild,1.5,6,1,train,healthy,1,run00101_seed001_sev100_Hs150_Tp600.csv,run00101_seed001_sev100_Hs150_Tp600_5hz.csv,20001,19001,9501,10,5,0.999998937958496,0.999997298192827,0.999998848591485,0.999998169369779,0.99999864257194,0.99999864257194
102,State2_Mild,1.5,6,1,train,pto_damping_loss,0.8,run00102_seed001_sev080_Hs150_Tp600.csv,run00102_seed001_sev080_Hs150_Tp600_5hz.csv,20001,19001,9501,10,5,0.999998945619574,0.999997203486173,0.999998867103168,0.999998114534735,0.999998645618306,0.999998645618306
103,State2_Mild,1.5,6,1,train,pto_damping_loss,0.6,run00103_seed001_sev060_Hs150_Tp600.csv,run00103_seed001_sev060_Hs150_Tp600_5hz.csv,20001,19001,9501,10,5,0.999998953081077,0.999997096679706,0.999998887048197,0.999998066494072,0.99999865362804,0.99999865362804
104,State2_Mild,1.5,6,1,train,pto_damping_loss,0.4,run00104_seed001_sev040_Hs150_Tp600.csv,run00104_seed001_sev040_Hs150_Tp600_5hz.csv,20001,19001,9501,10,5,0.999998957944951,0.99999697962354,0.999998908849951,0.999998031817066,0.999998677273849,0.999998677273849
105,State2_Mild,1.5,6,1,train,pto_damping_loss,0.2,run00105_seed001_sev020_Hs150_Tp600.csv,run00105_seed001_sev020_Hs150_Tp600_5hz.csv,20001,19001,9501,10,5,0.999998953342101,0.999996860417755,0.999998929652718,0.999998020074122,0.999998740169644,0.999998740169644
106,State2_Mild,1.5,6,2,train,healthy,1,run00106_seed002_sev100_Hs150_Tp600.csv,run00106_seed002_sev100_Hs150_Tp600_5hz.csv,20001,19001,9501,10,5,0.999998361003199,0.999998058570557,0.999998560216163,0.999999322179058,0.999997377237938,0.999997377237937
107,State2_Mild,1.5,6,2,train,pto_damping_loss,0.8,run00107_seed002_sev080_Hs150_Tp600.csv,run00107_seed002_sev080_Hs150_Tp600_5hz.csv,20001,19001,9501,10,5,0.999998376280898,0.999998066345291,0.999998596344426,0.999999317911459,0.999997331927058,0.999997331927058
108,State2_Mild,1.5,6,2,train,pto_damping_loss,0.6,run00108_seed002_sev060_Hs150_Tp600.csv,run00108_seed002_sev060_Hs150_Tp600_5hz.csv,20001,19001,9501,10,5,0.999998395263318,0.999998085470863,0.999998638444101,0.999999311106582,0.999997296626154,0.999997296626155
109,State2_Mild,1.5,6,2,train,pto_damping_loss,0.4,run00109_seed002_sev040_Hs150_Tp600.csv,run00109_seed002_sev040_Hs150_Tp600_5hz.csv,20001,19001,9501,10,5,0.99999841951719,0.999998123690492,0.999998685551421,0.999999299668202,0.999997289037812,0.999997289037812
110,State2_Mild,1.5,6,2,train,pto_damping_loss,0.2,run00110_seed002_sev020_Hs150_Tp600.csv,run00110_seed002_sev020_Hs150_Tp600_5hz.csv,20001,19001,9501,10,5,0.999998449960826,0.999998193982482,0.999998732682562,0.999999279356424,0.999997345707197,0.999997345707197
111,State2_Mild,1.5,6,3,train,healthy,1,run00111_seed003_sev100_Hs150_Tp600.csv,run00111_seed003_sev100_Hs150_Tp600_5hz.csv,20001,19001,9501,10,5,0.999998226465119,0.999998193993255,0.999997162905958,0.999999559126643,0.999998001465323,0.999998001465323
112,State2_Mild,1.5,6,3,train,pto_damping_loss,0.8,run00112_seed003_sev080_Hs150_Tp600.csv,run00112_seed003_sev080_Hs150_Tp600_5hz.csv,20001,19001,9501,10,5,0.999998254021933,0.999998268344739,0.999997245194149,0.999999541321283,0.999997981245999,0.999997981245999
113,State2_Mild,1.5,6,3,train,pto_damping_loss,0.6,run00113_seed003_sev060_Hs150_Tp600.csv,run00113_seed003_sev060_Hs150_Tp600_5hz.csv,20001,19001,9501,10,5,0.999998290735154,0.999998359943115,0.999997387017135,0.999999514103142,0.999997967848975,0.999997967848975
114,State2_Mild,1.5,6,3,train,pto_damping_loss,0.4,run00114_seed003_sev040_Hs150_Tp600.csv,run00114_seed003_sev040_Hs150_Tp600_5hz.csv,20001,19001,9501,10,5,0.999998337846519,0.99999847312161,0.999997631214368,0.99999947232765,0.999997964345336,0.999997964345336
115,State2_Mild,1.5,6,3,train,pto_damping_loss,0.2,run00115_seed003_sev020_Hs150_Tp600.csv,run00115_seed003_sev020_Hs150_Tp600_5hz.csv,20001,19001,9501,10,5,0.999998393874264,0.999998612277857,0.999998043006422,0.999999408129477,0.999997972793051,0.999997972793051
116,State2_Mild,1.5,6,4,train,healthy,1,run00116_seed004_sev100_Hs150_Tp600.csv,run00116_seed004_sev100_Hs150_Tp600_5hz.csv,20001,19001,9501,10,5,0.999998003588455,0.999997805308433,0.999998063957283,0.999998457571173,0.999996802486117,0.999996802486117
117,State2_Mild,1.5,6,4,train,pto_damping_loss,0.8,run00117_seed004_sev080_Hs150_Tp600.csv,run00117_seed004_sev080_Hs150_Tp600_5hz.csv,20001,19001,9501,10,5,0.999998020544129,0.999997812025403,0.999998011421381,0.999998388126445,0.999996799167177,0.999996799167177
118,State2_Mild,1.5,6,4,train,pto_damping_loss,0.6,run00118_seed004_sev060_Hs150_Tp600.csv,run00118_seed004_sev060_Hs150_Tp600_5hz.csv,20001,19001,9501,10,5,0.999998047156621,0.999997819109611,0.999997942335024,0.999998298597225,0.999996807862911,0.999996807862911
119,State2_Mild,1.5,6,4,train,pto_damping_loss,0.4,run00119_seed004_sev040_Hs150_Tp600.csv,run00119_seed004_sev040_Hs150_Tp600_5hz.csv,20001,19001,9501,10,5,0.9999980869814,0.999997822368873,0.9999978583128,0.999998184485015,0.999996832979156,0.999996832979156
120,State2_Mild,1.5,6,4,train,pto_damping_loss,0.2,run00120_seed004_sev020_Hs150_Tp600.csv,run00120_seed004_sev020_Hs150_Tp600_5hz.csv,20001,19001,9501,10,5,0.999998142088194,0.999997813857392,0.999997780291562,0.999998044469656,0.999996877830858,0.999996877830859
121,State2_Mild,1.5,6,5,train,healthy,1,run00121_seed005_sev100_Hs150_Tp600.csv,run00121_seed005_sev100_Hs150_Tp600_5hz.csv,20001,19001,9501,10,5,0.999998337440226,0.999997500407476,0.999998655364241,0.999998662278162,0.999998445168326,0.999998445168326
122,State2_Mild,1.5,6,5,train,pto_damping_loss,0.8,run00122_seed005_sev080_Hs150_Tp600.csv,run00122_seed005_sev080_Hs150_Tp600_5hz.csv,20001,19001,9501,10,5,0.999998306881498,0.999997509006696,0.99999867438829,0.999998674678311,0.999998365522592,0.999998365522592
123,State2_Mild,1.5,6,5,train,pto_damping_loss,0.6,run00123_seed005_sev060_Hs150_Tp600.csv,run00123_seed005_sev060_Hs150_Tp600_5hz.csv,20001,19001,9501,10,5,0.999998264622137,0.999997539467506,0.999998699926508,0.999998685523071,0.999998267061294,0.999998267061294
124,State2_Mild,1.5,6,5,train,pto_damping_loss,0.4,run00124_seed005_sev040_Hs150_Tp600.csv,run00124_seed005_sev040_Hs150_Tp600_5hz.csv,20001,19001,9501,10,5,0.999998205306772,0.999997605874183,0.99999873113594,0.999998692630558,0.999998140980039,0.999998140980039
125,State2_Mild,1.5,6,5,train,pto_damping_loss,0.2,run00125_seed005_sev020_Hs150_Tp600.csv,run00125_seed005_sev020_Hs150_Tp600_5hz.csv,20001,19001,9501,10,5,0.999998122344686,0.999997733242012,0.999998762573088,0.999998696427315,0.999997971784136,0.999997971784136
126,State2_Mild,1.5,6,6,train,healthy,1,run00126_seed006_sev100_Hs150_Tp600.csv,run00126_seed006_sev100_Hs150_Tp600_5hz.csv,20001,19001,9501,10,5,0.99999619516606,0.99999725916396,0.999997245218138,0.999998332348468,0.999997495069754,0.999997495069754
127,State2_Mild,1.5,6,6,train,pto_damping_loss,0.8,run00127_seed006_sev080_Hs150_Tp600.csv,run00127_seed006_sev080_Hs150_Tp600_5hz.csv,20001,19001,9501,10,5,0.999996159463016,0.999997268110401,0.99999722144544,0.999998347836811,0.999997511612431,0.999997511612431
128,State2_Mild,1.5,6,6,train,pto_damping_loss,0.6,run00128_seed006_sev060_Hs150_Tp600.csv,run00128_seed006_sev060_Hs150_Tp600_5hz.csv,20001,19001,9501,10,5,0.999996115517786,0.99999728347622,0.999997197863084,0.999998336390143,0.999997549365588,0.999997549365588
129,State2_Mild,1.5,6,6,train,pto_damping_loss,0.4,run00129_seed006_sev040_Hs150_Tp600.csv,run00129_seed006_sev040_Hs150_Tp600_5hz.csv,20001,19001,9501,10,5,0.999996064782342,0.999997305651976,0.999997178477883,0.999998280773449,0.999997622966148,0.999997622966149
130,State2_Mild,1.5,6,6,train,pto_damping_loss,0.2,run00130_seed006_sev020_Hs150_Tp600.csv,run00130_seed006_sev020_Hs150_Tp600_5hz.csv,20001,19001,9501,10,5,0.999996016487769,0.999997332758411,0.9999971752094,0.999998159947986,0.999997757710672,0.999997757710672
131,State2_Mild,1.5,6,7,train,healthy,1,run00131_seed007_sev100_Hs150_Tp600.csv,run00131_seed007_sev100_Hs150_Tp600_5hz.csv,20001,19001,9501,10,5,0.999999502112687,0.999997198251955,0.999999304407141,0.999996717339128,0.99999917889238,0.99999917889238
132,State2_Mild,1.5,6,7,train,pto_damping_loss,0.8,run00132_seed007_sev080_Hs150_Tp600.csv,run00132_seed007_sev080_Hs150_Tp600_5hz.csv,20001,19001,9501,10,5,0.999999503584669,0.999997116187459,0.999999311500216,0.999996692526579,0.999999160760808,0.999999160760809
133,State2_Mild,1.5,6,7,train,pto_damping_loss,0.6,run00133_seed007_sev060_Hs150_Tp600.csv,run00133_seed007_sev060_Hs150_Tp600_5hz.csv,20001,19001,9501,10,5,0.99999949943822,0.999997032438421,0.999999316441057,0.999996699897862,0.999999122485114,0.999999122485115
134,State2_Mild,1.5,6,7,train,pto_damping_loss,0.4,run00134_seed007_sev040_Hs150_Tp600.csv,run00134_seed007_sev040_Hs150_Tp600_5hz.csv,20001,19001,9501,10,5,0.999999481073586,0.999996955864369,0.999999317740456,0.999996759977276,0.999999051875181,0.999999051875181
135,State2_Mild,1.5,6,7,train,pto_damping_loss,0.2,run00135_seed007_sev020_Hs150_Tp600.csv,run00135_seed007_sev020_Hs150_Tp600_5hz.csv,20001,19001,9501,10,5,0.999999428316977,0.999996904849405,0.999999311735832,0.999996902574415,0.999998932063819,0.999998932063819
136,State2_Mild,1.5,6,8,train,healthy,1,run00136_seed008_sev100_Hs150_Tp600.csv,run00136_seed008_sev100_Hs150_Tp600_5hz.csv,20001,19001,9501,10,5,0.999998842536148,0.999997575140721,0.999999055654009,0.999997562918839,0.999998261401613,0.999998261401613
137,State2_Mild,1.5,6,8,train,pto_damping_loss,0.8,run00137_seed008_sev080_Hs150_Tp600.csv,run00137_seed008_sev080_Hs150_Tp600_5hz.csv,20001,19001,9501,10,5,0.999998825883027,0.999997565328134,0.999999089317882,0.999997451390945,0.999998325548086,0.999998325548086
138,State2_Mild,1.5,6,8,train,pto_damping_loss,0.6,run00138_seed008_sev060_Hs150_Tp600.csv,run00138_seed008_sev060_Hs150_Tp600_5hz.csv,20001,19001,9501,10,5,0.999998799742688,0.999997553045189,0.999999130680853,0.999997326650468,0.99999837971854,0.99999837971854
139,State2_Mild,1.5,6,8,train,pto_damping_loss,0.4,run00139_seed008_sev040_Hs150_Tp600.csv,run00139_seed008_sev040_Hs150_Tp600_5hz.csv,20001,19001,9501,10,5,0.999998757549158,0.999997536938704,0.999999176413294,0.99999719424345,0.999998407951397,0.999998407951397
140,State2_Mild,1.5,6,8,train,pto_damping_loss,0.2,run00140_seed008_sev020_Hs150_Tp600.csv,run00140_seed008_sev020_Hs150_Tp600_5hz.csv,20001,19001,9501,10,5,0.999998688551911,0.999997513837933,0.999999214929389,0.999997070320403,0.999998384898523,0.999998384898523
141,State2_Mild,1.5,6,9,train,healthy,1,run00141_seed009_sev100_Hs150_Tp600.csv,run00141_seed009_sev100_Hs150_Tp600_5hz.csv,20001,19001,9501,10,5,0.999997786490017,0.999997933287078,0.999998212868993,0.999998094891741,0.9999983655444,0.9999983655444
142,State2_Mild,1.5,6,9,train,pto_damping_loss,0.8,run00142_seed009_sev080_Hs150_Tp600.csv,run00142_seed009_sev080_Hs150_Tp600_5hz.csv,20001,19001,9501,10,5,0.999997834039854,0.999997874518222,0.999998165560303,0.999998073292101,0.999998398230526,0.999998398230526
143,State2_Mild,1.5,6,9,train,pto_damping_loss,0.6,run00143_seed009_sev060_Hs150_Tp600.csv,run00143_seed009_sev060_Hs150_Tp600_5hz.csv,20001,19001,9501,10,5,0.999997908767391,0.999997808294582,0.99999811070803,0.999998044011636,0.999998421158082,0.999998421158082
144,State2_Mild,1.5,6,9,train,pto_damping_loss,0.4,run00144_seed009_sev040_Hs150_Tp600.csv,run00144_seed009_sev040_Hs150_Tp600_5hz.csv,20001,19001,9501,10,5,0.999998025318164,0.99999773564939,0.999998050701124,0.999998001853215,0.99999841879416,0.99999841879416
145,State2_Mild,1.5,6,9,train,pto_damping_loss,0.2,run00145_seed009_sev020_Hs150_Tp600.csv,run00145_seed009_sev020_Hs150_Tp600_5hz.csv,20001,19001,9501,10,5,0.999998201700384,0.999997656361593,0.999997991445357,0.999997932627933,0.99999836445411,0.99999836445411
146,State2_Mild,1.5,6,10,train,healthy,1,run00146_seed010_sev100_Hs150_Tp600.csv,run00146_seed010_sev100_Hs150_Tp600_5hz.csv,20001,19001,9501,10,5,0.999998399130629,0.999998521922613,0.999998188188949,0.99999755864979,0.999998606560682,0.999998606560682
147,State2_Mild,1.5,6,10,train,pto_damping_loss,0.8,run00147_seed010_sev080_Hs150_Tp600.csv,run00147_seed010_sev080_Hs150_Tp600_5hz.csv,20001,19001,9501,10,5,0.999998417768174,0.999998581050019,0.999998251052868,0.999997538348199,0.999998663988713,0.999998663988713
148,State2_Mild,1.5,6,10,train,pto_damping_loss,0.6,run00148_seed010_sev060_Hs150_Tp600.csv,run00148_seed010_sev060_Hs150_Tp600_5hz.csv,20001,19001,9501,10,5,0.999998437524451,0.999998642966707,0.999998326660292,0.999997538187667,0.999998711023361,0.999998711023361
149,State2_Mild,1.5,6,10,train,pto_damping_loss,0.4,run00149_seed010_sev040_Hs150_Tp600.csv,run00149_seed010_sev040_Hs150_Tp600_5hz.csv,20001,19001,9501,10,5,0.999998457034306,0.999998707011708,0.999998419600552,0.999997572418265,0.999998736876149,0.999998736876149
150,State2_Mild,1.5,6,10,train,pto_damping_loss,0.2,run00150_seed010_sev020_Hs150_Tp600.csv,run00150_seed010_sev020_Hs150_Tp600_5hz.csv,20001,19001,9501,10,5,0.999998471170489,0.999998772610507,0.999998533205405,0.999997661673362,0.999998725275565,0.999998725275565
151,State2_Mild,1.5,6,11,train,healthy,1,run00151_seed011_sev100_Hs150_Tp600.csv,run00151_seed011_sev100_Hs150_Tp600_5hz.csv,20001,19001,9501,10,5,0.999998352160944,0.999997510943867,0.9999986594081,0.999998728199469,0.999998395788677,0.999998395788677
152,State2_Mild,1.5,6,11,train,pto_damping_loss,0.8,run00152_seed011_sev080_Hs150_Tp600.csv,run00152_seed011_sev080_Hs150_Tp600_5hz.csv,20001,19001,9501,10,5,0.999998332807306,0.999997507278501,0.999998680115669,0.999998743586611,0.99999842442746,0.999998424427459
153,State2_Mild,1.5,6,11,train,pto_damping_loss,0.6,run00153_seed011_sev060_Hs150_Tp600.csv,run00153_seed011_sev060_Hs150_Tp600_5hz.csv,20001,19001,9501,10,5,0.999998303125397,0.999997501359415,0.999998701791363,0.99999875548062,0.999998462130669,0.999998462130668
154,State2_Mild,1.5,6,11,train,pto_damping_loss,0.4,run00154_seed011_sev040_Hs150_Tp600.csv,run00154_seed011_sev040_Hs150_Tp600_5hz.csv,20001,19001,9501,10,5,0.999998258338334,0.999997491195124,0.999998723391255,0.999998765067832,0.99999851726937,0.999998517269369
155,State2_Mild,1.5,6,11,train,pto_damping_loss,0.2,run00155_seed011_sev020_Hs150_Tp600.csv,run00155_seed011_sev020_Hs150_Tp600_5hz.csv,20001,19001,9501,10,5,0.999998192367128,0.999997475584425,0.999998741311515,0.999998778083068,0.999998609669141,0.99999860966914
156,State2_Mild,1.5,6,12,train,healthy,1,run00156_seed012_sev100_Hs150_Tp600.csv,run00156_seed012_sev100_Hs150_Tp600_5hz.csv,20001,19001,9501,10,5,0.999996955874789,0.999997347143209,0.999997996990696,0.999997787600478,0.999998792544107,0.999998792544107
157,State2_Mild,1.5,6,12,train,pto_damping_loss,0.8,run00157_seed012_sev080_Hs150_Tp600.csv,run00157_seed012_sev080_Hs150_Tp600_5hz.csv,20001,19001,9501,10,5,0.999996896194847,0.999997337622962,0.999997970919231,0.999997796546142,0.999998766147789,0.999998766147789
158,State2_Mild,1.5,6,12,train,pto_damping_loss,0.6,run00158_seed012_sev060_Hs150_Tp600.csv,run00158_seed012_sev060_Hs150_Tp600_5hz.csv,20001,19001,9501,10,5,0.999996812065312,0.999997327617545,0.999997925618128,0.999997806341007,0.999998728053637,0.999998728053637
159,State2_Mild,1.5,6,12,train,pto_damping_loss,0.4,run00159_seed012_sev040_Hs150_Tp600.csv,run00159_seed012_sev040_Hs150_Tp600_5hz.csv,20001,19001,9501,10,5,0.999996694830471,0.999997321213921,0.999997847590648,0.99999782632869,0.999998672109885,0.999998672109885
160,State2_Mild,1.5,6,12,train,pto_damping_loss,0.2,run00160_seed012_sev020_Hs150_Tp600.csv,run00160_seed012_sev020_Hs150_Tp600_5hz.csv,20001,19001,9501,10,5,0.999996538968596,0.999997330535849,0.999997717631673,0.999997876504307,0.999998589960044,0.999998589960043
161,State2_Mild,1.5,6,13,validation,healthy,1,run00161_seed013_sev100_Hs150_Tp600.csv,run00161_seed013_sev100_Hs150_Tp600_5hz.csv,20001,19001,9501,10,5,0.999998049234562,0.999997586610196,0.999999312167009,0.99999882496433,0.99999891022607,0.99999891022607
162,State2_Mild,1.5,6,13,validation,pto_damping_loss,0.8,run00162_seed013_sev080_Hs150_Tp600.csv,run00162_seed013_sev080_Hs150_Tp600_5hz.csv,20001,19001,9501,10,5,0.999998010595157,0.999997599309255,0.999999288533542,0.999998799846946,0.999998898662547,0.999998898662546
163,State2_Mild,1.5,6,13,validation,pto_damping_loss,0.6,run00163_seed013_sev060_Hs150_Tp600.csv,run00163_seed013_sev060_Hs150_Tp600_5hz.csv,20001,19001,9501,10,5,0.999997963303433,0.999997616141373,0.999999261821174,0.999998754648122,0.999998877619487,0.999998877619486
164,State2_Mild,1.5,6,13,validation,pto_damping_loss,0.4,run00164_seed013_sev040_Hs150_Tp600.csv,run00164_seed013_sev040_Hs150_Tp600_5hz.csv,20001,19001,9501,10,5,0.999997906047106,0.999997637241371,0.999999235430366,0.99999868182596,0.999998838410695,0.999998838410695
165,State2_Mild,1.5,6,13,validation,pto_damping_loss,0.2,run00165_seed013_sev020_Hs150_Tp600.csv,run00165_seed013_sev020_Hs150_Tp600_5hz.csv,20001,19001,9501,10,5,0.99999783922491,0.999997662165012,0.999999216743437,0.999998574448242,0.999998767516323,0.999998767516323
166,State2_Mild,1.5,6,14,validation,healthy,1,run00166_seed014_sev100_Hs150_Tp600.csv,run00166_seed014_sev100_Hs150_Tp600_5hz.csv,20001,19001,9501,10,5,0.999999039686604,0.999997616972994,0.999998489394964,0.999998468878646,0.999998323856608,0.999998323856608
167,State2_Mild,1.5,6,14,validation,pto_damping_loss,0.8,run00167_seed014_sev080_Hs150_Tp600.csv,run00167_seed014_sev080_Hs150_Tp600_5hz.csv,20001,19001,9501,10,5,0.999999032224642,0.999997515497333,0.999998534392683,0.999998369771062,0.999998363122841,0.999998363122841
168,State2_Mild,1.5,6,14,validation,pto_damping_loss,0.6,run00168_seed014_sev060_Hs150_Tp600.csv,run00168_seed014_sev060_Hs150_Tp600_5hz.csv,20001,19001,9501,10,5,0.999999018968603,0.999997389265678,0.999998580431323,0.999998251188546,0.999998393891402,0.999998393891401
169,State2_Mild,1.5,6,14,validation,pto_damping_loss,0.4,run00169_seed014_sev040_Hs150_Tp600.csv,run00169_seed014_sev040_Hs150_Tp600_5hz.csv,20001,19001,9501,10,5,0.999998996625172,0.999997229579676,0.999998630327182,0.999998106361579,0.999998402907113,0.999998402907113
170,State2_Mild,1.5,6,14,validation,pto_damping_loss,0.2,run00170_seed014_sev020_Hs150_Tp600.csv,run00170_seed014_sev020_Hs150_Tp600_5hz.csv,20001,19001,9501,10,5,0.99999895979077,0.999997023987043,0.999998693248458,0.999997926011131,0.999998361743692,0.999998361743692
171,State2_Mild,1.5,6,15,validation,healthy,1,run00171_seed015_sev100_Hs150_Tp600.csv,run00171_seed015_sev100_Hs150_Tp600_5hz.csv,20001,19001,9501,10,5,0.999997985384172,0.999998188961223,0.99999730950217,0.999998048689658,0.99999834470939,0.99999834470939
172,State2_Mild,1.5,6,15,validation,pto_damping_loss,0.8,run00172_seed015_sev080_Hs150_Tp600.csv,run00172_seed015_sev080_Hs150_Tp600_5hz.csv,20001,19001,9501,10,5,0.999997988901124,0.999998201030614,0.999997351011576,0.999998045387166,0.999998219567486,0.999998219567486
173,State2_Mild,1.5,6,15,validation,pto_damping_loss,0.6,run00173_seed015_sev060_Hs150_Tp600.csv,run00173_seed015_sev060_Hs150_Tp600_5hz.csv,20001,19001,9501,10,5,0.999997990585099,0.999998206485815,0.999997406484953,0.999998061370737,0.999998058538303,0.999998058538303
174,State2_Mild,1.5,6,15,validation,pto_damping_loss,0.4,run00174_seed015_sev040_Hs150_Tp600.csv,run00174_seed015_sev040_Hs150_Tp600_5hz.csv,20001,19001,9501,10,5,0.999997988518333,0.99999820084257,0.999997487087774,0.999998103986034,0.999997856382172,0.999997856382172
175,State2_Mild,1.5,6,15,validation,pto_damping_loss,0.2,run00175_seed015_sev020_Hs150_Tp600.csv,run00175_seed015_sev020_Hs150_Tp600_5hz.csv,20001,19001,9501,10,5,0.999997980187709,0.999998174276025,0.999997617839537,0.999998182356757,0.999997616654128,0.999997616654128
176,State2_Mild,1.5,6,16,validation,healthy,1,run00176_seed016_sev100_Hs150_Tp600.csv,run00176_seed016_sev100_Hs150_Tp600_5hz.csv,20001,19001,9501,10,5,0.999998272955417,0.999997672117536,0.999998094376781,0.999998165998119,0.999999391701315,0.999999391701315
177,State2_Mild,1.5,6,16,validation,pto_damping_loss,0.8,run00177_seed016_sev080_Hs150_Tp600.csv,run00177_seed016_sev080_Hs150_Tp600_5hz.csv,20001,19001,9501,10,5,0.999998275737749,0.999997692596971,0.999998108293212,0.999998220165484,0.999999331433488,0.999999331433487
178,State2_Mild,1.5,6,16,validation,pto_damping_loss,0.6,run00178_seed016_sev060_Hs150_Tp600.csv,run00178_seed016_sev060_Hs150_Tp600_5hz.csv,20001,19001,9501,10,5,0.999998274579852,0.999997736293356,0.999998116128263,0.999998300738069,0.999999262783104,0.999999262783104
179,State2_Mild,1.5,6,16,validation,pto_damping_loss,0.4,run00179_seed016_sev040_Hs150_Tp600.csv,run00179_seed016_sev040_Hs150_Tp600_5hz.csv,20001,19001,9501,10,5,0.999998266577154,0.999997817381139,0.999998115507861,0.99999841991916,0.999999187049209,0.999999187049209
180,State2_Mild,1.5,6,16,validation,pto_damping_loss,0.2,run00180_seed016_sev020_Hs150_Tp600.csv,run00180_seed016_sev020_Hs150_Tp600_5hz.csv,20001,19001,9501,10,5,0.999998247463574,0.999997958658224,0.999998109911827,0.999998595195844,0.999999106501623,0.999999106501623
181,State2_Mild,1.5,6,17,test,healthy,1,run00181_seed017_sev100_Hs150_Tp600.csv,run00181_seed017_sev100_Hs150_Tp600_5hz.csv,20001,19001,9501,10,5,0.999999130633269,0.999998514815646,0.999999040328188,0.999998057189224,0.999999264385291,0.999999264385291
182,State2_Mild,1.5,6,17,test,pto_damping_loss,0.8,run00182_seed017_sev080_Hs150_Tp600.csv,run00182_seed017_sev080_Hs150_Tp600_5hz.csv,20001,19001,9501,10,5,0.999999136823051,0.99999855251657,0.999999037658735,0.999998054716742,0.99999920939107,0.99999920939107
183,State2_Mild,1.5,6,17,test,pto_damping_loss,0.6,run00183_seed017_sev060_Hs150_Tp600.csv,run00183_seed017_sev060_Hs150_Tp600_5hz.csv,20001,19001,9501,10,5,0.999999140594373,0.999998585778982,0.999999036505651,0.999998071176114,0.999999138506897,0.999999138506897
184,State2_Mild,1.5,6,17,test,pto_damping_loss,0.4,run00184_seed017_sev040_Hs150_Tp600.csv,run00184_seed017_sev040_Hs150_Tp600_5hz.csv,20001,19001,9501,10,5,0.999999133172292,0.999998611925731,0.999999036319063,0.999998119805416,0.999999046817198,0.999999046817199
185,State2_Mild,1.5,6,17,test,pto_damping_loss,0.2,run00185_seed017_sev020_Hs150_Tp600.csv,run00185_seed017_sev020_Hs150_Tp600_5hz.csv,20001,19001,9501,10,5,0.99999909274542,0.99999863059783,0.99999903506562,0.999998226651438,0.99999892204659,0.99999892204659
186,State2_Mild,1.5,6,18,test,healthy,1,run00186_seed018_sev100_Hs150_Tp600.csv,run00186_seed018_sev100_Hs150_Tp600_5hz.csv,20001,19001,9501,10,5,0.999997711499158,0.999997829888628,0.999998719118431,0.999999029435876,0.999998823014128,0.999998823014128
187,State2_Mild,1.5,6,18,test,pto_damping_loss,0.8,run00187_seed018_sev080_Hs150_Tp600.csv,run00187_seed018_sev080_Hs150_Tp600_5hz.csv,20001,19001,9501,10,5,0.999997672364242,0.999997856818595,0.999998719014277,0.999999046561744,0.999998765534426,0.999998765534426
188,State2_Mild,1.5,6,18,test,pto_damping_loss,0.6,run00188_seed018_sev060_Hs150_Tp600.csv,run00188_seed018_sev060_Hs150_Tp600_5hz.csv,20001,19001,9501,10,5,0.999997620119608,0.999997879949919,0.99999872710524,0.999999059848094,0.999998696457391,0.999998696457391
189,State2_Mild,1.5,6,18,test,pto_damping_loss,0.4,run00189_seed018_sev040_Hs150_Tp600.csv,run00189_seed018_sev040_Hs150_Tp600_5hz.csv,20001,19001,9501,10,5,0.999997550669219,0.999997891271623,0.999998754579977,0.999999058511827,0.999998618964961,0.999998618964961
190,State2_Mild,1.5,6,18,test,pto_damping_loss,0.2,run00190_seed018_sev020_Hs150_Tp600.csv,run00190_seed018_sev020_Hs150_Tp600_5hz.csv,20001,19001,9501,10,5,0.999997460595993,0.999997873752931,0.999998819614252,0.999999013348725,0.999998544677594,0.999998544677593
191,State2_Mild,1.5,6,19,test,healthy,1,run00191_seed019_sev100_Hs150_Tp600.csv,run00191_seed019_sev100_Hs150_Tp600_5hz.csv,20001,19001,9501,10,5,0.999998760430786,0.999998607552294,0.999998683650439,0.99999716655155,0.999999207722747,0.999999207722747
192,State2_Mild,1.5,6,19,test,pto_damping_loss,0.8,run00192_seed019_sev080_Hs150_Tp600.csv,run00192_seed019_sev080_Hs150_Tp600_5hz.csv,20001,19001,9501,10,5,0.99999874070579,0.999998656502997,0.999998707726575,0.999997157822228,0.99999919668039,0.99999919668039
193,State2_Mild,1.5,6,19,test,pto_damping_loss,0.6,run00193_seed019_sev060_Hs150_Tp600.csv,run00193_seed019_sev060_Hs150_Tp600_5hz.csv,20001,19001,9501,10,5,0.999998711182074,0.999998709639984,0.999998736638466,0.999997169708005,0.999999172782521,0.999999172782521
194,State2_Mild,1.5,6,19,test,pto_damping_loss,0.4,run00194_seed019_sev040_Hs150_Tp600.csv,run00194_seed019_sev040_Hs150_Tp600_5hz.csv,20001,19001,9501,10,5,0.999998665444996,0.999998767415813,0.999998768868785,0.999997214638779,0.999999130323997,0.999999130323997
195,State2_Mild,1.5,6,19,test,pto_damping_loss,0.2,run00195_seed019_sev020_Hs150_Tp600.csv,run00195_seed019_sev020_Hs150_Tp600_5hz.csv,20001,19001,9501,10,5,0.999998592194603,0.999998827773465,0.999998798127525,0.999997313854787,0.999999066930002,0.999999066930002
196,State2_Mild,1.5,6,20,test,healthy,1,run00196_seed020_sev100_Hs150_Tp600.csv,run00196_seed020_sev100_Hs150_Tp600_5hz.csv,20001,19001,9501,10,5,0.999998963818732,0.999998958013002,0.999998907336951,0.999997825411014,0.999999085705248,0.999999085705248
197,State2_Mild,1.5,6,20,test,pto_damping_loss,0.8,run00197_seed020_sev080_Hs150_Tp600.csv,run00197_seed020_sev080_Hs150_Tp600_5hz.csv,20001,19001,9501,10,5,0.999999004403098,0.999999004729532,0.999998911856592,0.999997944108319,0.999999028318753,0.999999028318753
198,State2_Mild,1.5,6,20,test,pto_damping_loss,0.6,run00198_seed020_sev060_Hs150_Tp600.csv,run00198_seed020_sev060_Hs150_Tp600_5hz.csv,20001,19001,9501,10,5,0.999999059217906,0.999999047668301,0.999998914324164,0.999998092925983,0.999998958808036,0.999998958808037
199,State2_Mild,1.5,6,20,test,pto_damping_loss,0.4,run00199_seed020_sev040_Hs150_Tp600.csv,run00199_seed020_sev040_Hs150_Tp600_5hz.csv,20001,19001,9501,10,5,0.999999131223009,0.999999082558289,0.999998908098533,0.999998278047085,0.999998881074672,0.999998881074672
200,State2_Mild,1.5,6,20,test,pto_damping_loss,0.2,run00200_seed020_sev020_Hs150_Tp600.csv,run00200_seed020_sev020_Hs150_Tp600_5hz.csv,20001,19001,9501,10,5,0.999999216400063,0.999999101982083,0.999998876474525,0.99999850799752,0.999998806876003,0.999998806876002
201,State3_Energetic,1.6,7.2,1,train,healthy,1,run00201_seed001_sev100_Hs160_Tp720.csv,run00201_seed001_sev100_Hs160_Tp720_5hz.csv,20001,19001,9501,10,5,0.999998831487201,0.999997439344794,0.999998739019145,0.999998699754886,0.999998119119064,0.999998119119064
202,State3_Energetic,1.6,7.2,1,train,pto_damping_loss,0.8,run00202_seed001_sev080_Hs160_Tp720.csv,run00202_seed001_sev080_Hs160_Tp720_5hz.csv,20001,19001,9501,10,5,0.999998829670134,0.999997415301159,0.999998726175116,0.999998622706051,0.999998206942203,0.999998206942203
203,State3_Energetic,1.6,7.2,1,train,pto_damping_loss,0.6,run00203_seed001_sev060_Hs160_Tp720.csv,run00203_seed001_sev060_Hs160_Tp720_5hz.csv,20001,19001,9501,10,5,0.99999883573171,0.999997382634107,0.99999874874884,0.999998515263349,0.999998337284027,0.999998337284027
204,State3_Energetic,1.6,7.2,1,train,pto_damping_loss,0.4,run00204_seed001_sev040_Hs160_Tp720.csv,run00204_seed001_sev040_Hs160_Tp720_5hz.csv,20001,19001,9501,10,5,0.999998847593872,0.99999733829555,0.999998812667058,0.999998371571458,0.999998518423624,0.999998518423625
205,State3_Energetic,1.6,7.2,1,train,pto_damping_loss,0.2,run00205_seed001_sev020_Hs160_Tp720.csv,run00205_seed001_sev020_Hs160_Tp720_5hz.csv,20001,19001,9501,10,5,0.999998859528893,0.999997285101748,0.999998913703206,0.99999819357216,0.999998747328495,0.999998747328495
206,State3_Energetic,1.6,7.2,2,train,healthy,1,run00206_seed002_sev100_Hs160_Tp720.csv,run00206_seed002_sev100_Hs160_Tp720_5hz.csv,20001,19001,9501,10,5,0.999998960237101,0.999997931829668,0.999999281263111,0.999999538407267,0.999999165903977,0.999999165903977
207,State3_Energetic,1.6,7.2,2,train,pto_damping_loss,0.8,run00207_seed002_sev080_Hs160_Tp720.csv,run00207_seed002_sev080_Hs160_Tp720_5hz.csv,20001,19001,9501,10,5,0.999998973943449,0.999997921036823,0.999999267989401,0.999999518598867,0.999999165511418,0.999999165511419
208,State3_Energetic,1.6,7.2,2,train,pto_damping_loss,0.6,run00208_seed002_sev060_Hs160_Tp720.csv,run00208_seed002_sev060_Hs160_Tp720_5hz.csv,20001,19001,9501,10,5,0.999999001950762,0.999997907856659,0.999999250602089,0.999999488830737,0.999999162872298,0.999999162872298
209,State3_Energetic,1.6,7.2,2,train,pto_damping_loss,0.4,run00209_seed002_sev040_Hs160_Tp720.csv,run00209_seed002_sev040_Hs160_Tp720_5hz.csv,20001,19001,9501,10,5,0.999999047532644,0.999997889149815,0.999999230636326,0.999999443586063,0.999999155783199,0.999999155783199
210,State3_Energetic,1.6,7.2,2,train,pto_damping_loss,0.2,run00210_seed002_sev020_Hs160_Tp720.csv,run00210_seed002_sev020_Hs160_Tp720_5hz.csv,20001,19001,9501,10,5,0.999999112905443,0.999997860357936,0.999999206737837,0.999999377055876,0.999999136565987,0.999999136565987
211,State3_Energetic,1.6,7.2,3,train,healthy,1,run00211_seed003_sev100_Hs160_Tp720.csv,run00211_seed003_sev100_Hs160_Tp720_5hz.csv,20001,19001,9501,10,5,0.999997953237035,0.999998097799801,0.999998230292555,0.99999862962023,0.999997734171821,0.999997734171821
212,State3_Energetic,1.6,7.2,3,train,pto_damping_loss,0.8,run00212_seed003_sev080_Hs160_Tp720.csv,run00212_seed003_sev080_Hs160_Tp720_5hz.csv,20001,19001,9501,10,5,0.999997943644962,0.999998145098048,0.999998267747021,0.9999985681538,0.999997768654264,0.999997768654264
213,State3_Energetic,1.6,7.2,3,train,pto_damping_loss,0.6,run00213_seed003_sev060_Hs160_Tp720.csv,run00213_seed003_sev060_Hs160_Tp720_5hz.csv,20001,19001,9501,10,5,0.999997926070521,0.999998194613679,0.999998304154169,0.999998501049467,0.999997801201162,0.999997801201162
214,State3_Energetic,1.6,7.2,3,train,pto_damping_loss,0.4,run00214_seed003_sev040_Hs160_Tp720.csv,run00214_seed003_sev040_Hs160_Tp720_5hz.csv,20001,19001,9501,10,5,0.999997897321411,0.999998245915667,0.999998336984431,0.999998426575334,0.999997827499845,0.999997827499845
215,State3_Energetic,1.6,7.2,3,train,pto_damping_loss,0.2,run00215_seed003_sev020_Hs160_Tp720.csv,run00215_seed003_sev020_Hs160_Tp720_5hz.csv,20001,19001,9501,10,5,0.999997853571695,0.99999829738931,0.999998362085671,0.999998341343411,0.999997836796316,0.999997836796316
216,State3_Energetic,1.6,7.2,4,train,healthy,1,run00216_seed004_sev100_Hs160_Tp720.csv,run00216_seed004_sev100_Hs160_Tp720_5hz.csv,20001,19001,9501,10,5,0.999999317108685,0.999997658777295,0.999999434424004,0.999998702519309,0.999999047011689,0.999999047011689
217,State3_Energetic,1.6,7.2,4,train,pto_damping_loss,0.8,run00217_seed004_sev080_Hs160_Tp720.csv,run00217_seed004_sev080_Hs160_Tp720_5hz.csv,20001,19001,9501,10,5,0.999999304259703,0.999997682971859,0.999999428373705,0.999998705299151,0.999999018199292,0.999999018199292
218,State3_Energetic,1.6,7.2,4,train,pto_damping_loss,0.6,run00218_seed004_sev060_Hs160_Tp720.csv,run00218_seed004_sev060_Hs160_Tp720_5hz.csv,20001,19001,9501,10,5,0.999999287465684,0.999997716218401,0.999999425318925,0.999998720291417,0.999998986389137,0.999998986389137
219,State3_Energetic,1.6,7.2,4,train,pto_damping_loss,0.4,run00219_seed004_sev040_Hs160_Tp720.csv,run00219_seed004_sev040_Hs160_Tp720_5hz.csv,20001,19001,9501,10,5,0.999999264056117,0.999997767971933,0.999999424323699,0.999998757553721,0.999998954066527,0.999998954066527
220,State3_Energetic,1.6,7.2,4,train,pto_damping_loss,0.2,run00220_seed004_sev020_Hs160_Tp720.csv,run00220_seed004_sev020_Hs160_Tp720_5hz.csv,20001,19001,9501,10,5,0.999999229945123,0.999997857743577,0.999999419701244,0.99999883213627,0.999998929459081,0.999998929459081
221,State3_Energetic,1.6,7.2,5,train,healthy,1,run00221_seed005_sev100_Hs160_Tp720.csv,run00221_seed005_sev100_Hs160_Tp720_5hz.csv,20001,19001,9501,10,5,0.999998268596547,0.999998092114419,0.999997908058651,0.99999901001558,0.999997847356962,0.999997847356962
222,State3_Energetic,1.6,7.2,5,train,pto_damping_loss,0.8,run00222_seed005_sev080_Hs160_Tp720.csv,run00222_seed005_sev080_Hs160_Tp720_5hz.csv,20001,19001,9501,10,5,0.999998263921825,0.999998171237116,0.999997816790959,0.999999066882818,0.999997814746162,0.999997814746162
223,State3_Energetic,1.6,7.2,5,train,pto_damping_loss,0.6,run00223_seed005_sev060_Hs160_Tp720.csv,run00223_seed005_sev060_Hs160_Tp720_5hz.csv,20001,19001,9501,10,5,0.999998267053719,0.999998259367472,0.999997726943156,0.99999912273236,0.999997780957718,0.999997780957718
224,State3_Energetic,1.6,7.2,5,train,pto_damping_loss,0.4,run00224_seed005_sev040_Hs160_Tp720.csv,run00224_seed005_sev040_Hs160_Tp720_5hz.csv,20001,19001,9501,10,5,0.999998279465198,0.999998351889604,0.999997648354437,0.99999917584241,0.999997744491484,0.999997744491484
225,State3_Energetic,1.6,7.2,5,train,pto_damping_loss,0.2,run00225_seed005_sev020_Hs160_Tp720.csv,run00225_seed005_sev020_Hs160_Tp720_5hz.csv,20001,19001,9501,10,5,0.99999830217575,0.999998438646723,0.999997599822389,0.999999223218809,0.999997702412323,0.999997702412323
226,State3_Energetic,1.6,7.2,6,train,healthy,1,run00226_seed006_sev100_Hs160_Tp720.csv,run00226_seed006_sev100_Hs160_Tp720_5hz.csv,20001,19001,9501,10,5,0.999998573259312,0.999998743868636,0.999998886567316,0.999997470910287,0.999999344387692,0.999999344387692
227,State3_Energetic,1.6,7.2,6,train,pto_damping_loss,0.8,run00227_seed006_sev080_Hs160_Tp720.csv,run00227_seed006_sev080_Hs160_Tp720_5hz.csv,20001,19001,9501,10,5,0.999998563148589,0.999998793945285,0.999998913237893,0.999997448022265,0.999999388100481,0.99999938810048
228,State3_Energetic,1.6,7.2,6,train,pto_damping_loss,0.6,run00228_seed006_sev060_Hs160_Tp720.csv,run00228_seed006_sev060_Hs160_Tp720_5hz.csv,20001,19001,9501,10,5,0.999998546128781,0.999998838809239,0.999998924643381,0.999997436951034,0.999999428180156,0.999999428180156
229,State3_Energetic,1.6,7.2,6,train,pto_damping_loss,0.4,run00229_seed006_sev040_Hs160_Tp720.csv,run00229_seed006_sev040_Hs160_Tp720_5hz.csv,20001,19001,9501,10,5,0.999998520495857,0.999998873618415,0.999998920531742,0.999997453012369,0.99999945740114,0.99999945740114
230,State3_Energetic,1.6,7.2,6,train,pto_damping_loss,0.2,run00230_seed006_sev020_Hs160_Tp720.csv,run00230_seed006_sev020_Hs160_Tp720_5hz.csv,20001,19001,9501,10,5,0.999998484865565,0.999998890731551,0.999998904687987,0.99999752614074,0.999999456912789,0.999999456912789
231,State3_Energetic,1.6,7.2,7,train,healthy,1,run00231_seed007_sev100_Hs160_Tp720.csv,run00231_seed007_sev100_Hs160_Tp720_5hz.csv,20001,19001,9501,10,5,0.999999022448977,0.999997144162621,0.99999910928423,0.999998079917841,0.99999906184984,0.99999906184984
232,State3_Energetic,1.6,7.2,7,train,pto_damping_loss,0.8,run00232_seed007_sev080_Hs160_Tp720.csv,run00232_seed007_sev080_Hs160_Tp720_5hz.csv,20001,19001,9501,10,5,0.999999027210067,0.999997093457995,0.999999110664555,0.999998093487585,0.999999087096601,0.999999087096601
233,State3_Energetic,1.6,7.2,7,train,pto_damping_loss,0.6,run00233_seed007_sev060_Hs160_Tp720.csv,run00233_seed007_sev060_Hs160_Tp720_5hz.csv,20001,19001,9501,10,5,0.999999034293251,0.99999704661131,0.999999109678909,0.999998127307447,0.999999115008924,0.999999115008924
234,State3_Energetic,1.6,7.2,7,train,pto_damping_loss,0.4,run00234_seed007_sev040_Hs160_Tp720.csv,run00234_seed007_sev040_Hs160_Tp720_5hz.csv,20001,19001,9501,10,5,0.999999044487121,0.999997012654232,0.999999110527372,0.999998192708551,0.999999143583895,0.999999143583895
235,State3_Energetic,1.6,7.2,7,train,pto_damping_loss,0.2,run00235_seed007_sev020_Hs160_Tp720.csv,run00235_seed007_sev020_Hs160_Tp720_5hz.csv,20001,19001,9501,10,5,0.999999057950815,0.999997009687136,0.999999122021511,0.999998303825,0.999999161088364,0.999999161088363
236,State3_Energetic,1.6,7.2,8,train,healthy,1,run00236_seed008_sev100_Hs160_Tp720.csv,run00236_seed008_sev100_Hs160_Tp720_5hz.csv,20001,19001,9501,10,5,0.999998441749704,0.999997775573614,0.999998957250364,0.999997718918716,0.999998380761072,0.999998380761072
237,State3_Energetic,1.6,7.2,8,train,pto_damping_loss,0.8,run00237_seed008_sev080_Hs160_Tp720.csv,run00237_seed008_sev080_Hs160_Tp720_5hz.csv,20001,19001,9501,10,5,0.999998360985174,0.999997760511424,0.999998978520108,0.99999770635926,0.999998333372557,0.999998333372557
238,State3_Energetic,1.6,7.2,8,train,pto_damping_loss,0.6,run00238_seed008_sev060_Hs160_Tp720.csv,run00238_seed008_sev060_Hs160_Tp720_5hz.csv,20001,19001,9501,10,5,0.99999826609575,0.999997740597126,0.999998926940958,0.999997700139121,0.999998264900425,0.999998264900425
239,State3_Energetic,1.6,7.2,8,train,pto_damping_loss,0.4,run00239_seed008_sev040_Hs160_Tp720.csv,run00239_seed008_sev040_Hs160_Tp720_5hz.csv,20001,19001,9501,10,5,0.999998158970998,0.999997717656783,0.999998776224777,0.999997704912489,0.999998161223506,0.999998161223506
240,State3_Energetic,1.6,7.2,8,train,pto_damping_loss,0.2,run00240_seed008_sev020_Hs160_Tp720.csv,run00240_seed008_sev020_Hs160_Tp720_5hz.csv,20001,19001,9501,10,5,0.999998040816345,0.999997697194279,0.999998514750649,0.999997728536912,0.999997992485768,0.999997992485768
241,State3_Energetic,1.6,7.2,9,train,healthy,1,run00241_seed009_sev100_Hs160_Tp720.csv,run00241_seed009_sev100_Hs160_Tp720_5hz.csv,20001,19001,9501,10,5,0.999998514574021,0.999997827258891,0.999998607652097,0.99999878614141,0.999997608869184,0.999997608869184
242,State3_Energetic,1.6,7.2,9,train,pto_damping_loss,0.8,run00242_seed009_sev080_Hs160_Tp720.csv,run00242_seed009_sev080_Hs160_Tp720_5hz.csv,20001,19001,9501,10,5,0.999998521269342,0.999997895421715,0.999998608463359,0.999998798715262,0.999997475688914,0.999997475688914
243,State3_Energetic,1.6,7.2,9,train,pto_damping_loss,0.6,run00243_seed009_sev060_Hs160_Tp720.csv,run00243_seed009_sev060_Hs160_Tp720_5hz.csv,20001,19001,9501,10,5,0.999998528101505,0.999997987826348,0.999998589500696,0.999998807760009,0.999997324632703,0.999997324632703
244,State3_Energetic,1.6,7.2,9,train,pto_damping_loss,0.4,run00244_seed009_sev040_Hs160_Tp720.csv,run00244_seed009_sev040_Hs160_Tp720_5hz.csv,20001,19001,9501,10,5,0.999998534286245,0.999998113417728,0.999998540255498,0.999998809377788,0.99999715914422,0.999997159144221
245,State3_Energetic,1.6,7.2,9,train,pto_damping_loss,0.2,run00245_seed009_sev020_Hs160_Tp720.csv,run00245_seed009_sev020_Hs160_Tp720_5hz.csv,20001,19001,9501,10,5,0.999998537668876,0.999998285334691,0.999998450503942,0.999998797747402,0.99999699647559,0.99999699647559
246,State3_Energetic,1.6,7.2,10,train,healthy,1,run00246_seed010_sev100_Hs160_Tp720.csv,run00246_seed010_sev100_Hs160_Tp720_5hz.csv,20001,19001,9501,10,5,0.999998892848829,0.999998474097338,0.999998905633774,0.999998869495906,0.999998690894049,0.999998690894049
247,State3_Energetic,1.6,7.2,10,train,pto_damping_loss,0.8,run00247_seed010_sev080_Hs160_Tp720.csv,run00247_seed010_sev080_Hs160_Tp720_5hz.csv,20001,19001,9501,10,5,0.999998894851677,0.999998479437295,0.999998989091977,0.999998893807944,0.999998579507387,0.999998579507387
248,State3_Energetic,1.6,7.2,10,train,pto_damping_loss,0.6,run00248_seed010_sev060_Hs160_Tp720.csv,run00248_seed010_sev060_Hs160_Tp720_5hz.csv,20001,19001,9501,10,5,0.999998876973409,0.999998477106207,0.999999037180051,0.999998924971165,0.999998447195808,0.999998447195808
249,State3_Energetic,1.6,7.2,10,train,pto_damping_loss,0.4,run00249_seed010_sev040_Hs160_Tp720.csv,run00249_seed010_sev040_Hs160_Tp720_5hz.csv,20001,19001,9501,10,5,0.999998835478775,0.9999984614242,0.999999038222843,0.99999896092335,0.999998290205971,0.999998290205971
250,State3_Energetic,1.6,7.2,10,train,pto_damping_loss,0.2,run00250_seed010_sev020_Hs160_Tp720.csv,run00250_seed010_sev020_Hs160_Tp720_5hz.csv,20001,19001,9501,10,5,0.999998765617193,0.999998423410726,0.999998958442594,0.999998993324401,0.999998102461981,0.999998102461981
251,State3_Energetic,1.6,7.2,11,train,healthy,1,run00251_seed011_sev100_Hs160_Tp720.csv,run00251_seed011_sev100_Hs160_Tp720_5hz.csv,20001,19001,9501,10,5,0.99999716013354,0.99999842892322,0.999998405423612,0.999998885380572,0.999998797030607,0.999998797030607
252,State3_Energetic,1.6,7.2,11,train,pto_damping_loss,0.8,run00252_seed011_sev080_Hs160_Tp720.csv,run00252_seed011_sev080_Hs160_Tp720_5hz.csv,20001,19001,9501,10,5,0.999997144577218,0.99999849565085,0.999998386227356,0.999998854007227,0.999998899043089,0.999998899043089
253,State3_Energetic,1.6,7.2,11,train,pto_damping_loss,0.6,run00253_seed011_sev060_Hs160_Tp720.csv,run00253_seed011_sev060_Hs160_Tp720_5hz.csv,20001,19001,9501,10,5,0.999997130051681,0.999998566942595,0.999998374513139,0.999998812764617,0.999999016547035,0.999999016547035
254,State3_Energetic,1.6,7.2,11,train,pto_damping_loss,0.4,run00254_seed011_sev040_Hs160_Tp720.csv,run00254_seed011_sev040_Hs160_Tp720_5hz.csv,20001,19001,9501,10,5,0.999997117011722,0.999998643317883,0.999998370595851,0.999998762251275,0.999999148819495,0.999999148819495
255,State3_Energetic,1.6,7.2,11,train,pto_damping_loss,0.2,run00255_seed011_sev020_Hs160_Tp720.csv,run00255_seed011_sev020_Hs160_Tp720_5hz.csv,20001,19001,9501,10,5,0.999997105802891,0.999998725966321,0.999998372843831,0.999998706290951,0.999999287626817,0.999999287626816
256,State3_Energetic,1.6,7.2,12,train,healthy,1,run00256_seed012_sev100_Hs160_Tp720.csv,run00256_seed012_sev100_Hs160_Tp720_5hz.csv,20001,19001,9501,10,5,0.999996772387286,0.999998915181416,0.99999690628546,0.999996621456204,0.999998069611417,0.999998069611417
257,State3_Energetic,1.6,7.2,12,train,pto_damping_loss,0.8,run00257_seed012_sev080_Hs160_Tp720.csv,run00257_seed012_sev080_Hs160_Tp720_5hz.csv,20001,19001,9501,10,5,0.999996820043758,0.999998968719249,0.999996834993107,0.999996744895013,0.999997992859968,0.999997992859968
258,State3_Energetic,1.6,7.2,12,train,pto_damping_loss,0.6,run00258_seed012_sev060_Hs160_Tp720.csv,run00258_seed012_sev060_Hs160_Tp720_5hz.csv,20001,19001,9501,10,5,0.999996871200246,0.999999023959149,0.99999683768439,0.999996883153943,0.999997912729606,0.999997912729606
259,State3_Energetic,1.6,7.2,12,train,pto_damping_loss,0.4,run00259_seed012_sev040_Hs160_Tp720.csv,run00259_seed012_sev040_Hs160_Tp720_5hz.csv,20001,19001,9501,10,5,0.999996921313679,0.999999079486688,0.999996923531166,0.999997034246916,0.999997829841049,0.999997829841048
260,State3_Energetic,1.6,7.2,12,train,pto_damping_loss,0.2,run00260_seed012_sev020_Hs160_Tp720.csv,run00260_seed012_sev020_Hs160_Tp720_5hz.csv,20001,19001,9501,10,5,0.999996965446794,0.999999134661821,0.999997080730793,0.999997198552494,0.99999773473323,0.99999773473323
261,State3_Energetic,1.6,7.2,13,validation,healthy,1,run00261_seed013_sev100_Hs160_Tp720.csv,run00261_seed013_sev100_Hs160_Tp720_5hz.csv,20001,19001,9501,10,5,0.999998260883661,0.999998546279221,0.999998711562803,0.999998322193764,0.999998857929009,0.999998857929009
262,State3_Energetic,1.6,7.2,13,validation,pto_damping_loss,0.8,run00262_seed013_sev080_Hs160_Tp720.csv,run00262_seed013_sev080_Hs160_Tp720_5hz.csv,20001,19001,9501,10,5,0.999998244410247,0.99999853452314,0.999998744177688,0.999998383126719,0.999998886006555,0.999998886006555
263,State3_Energetic,1.6,7.2,13,validation,pto_damping_loss,0.6,run00263_seed013_sev060_Hs160_Tp720.csv,run00263_seed013_sev060_Hs160_Tp720_5hz.csv,20001,19001,9501,10,5,0.999998225267443,0.999998506624535,0.999998780626728,0.999998459909627,0.9999989200274,0.9999989200274
264,State3_Energetic,1.6,7.2,13,validation,pto_damping_loss,0.4,run00264_seed013_sev040_Hs160_Tp720.csv,run00264_seed013_sev040_Hs160_Tp720_5hz.csv,20001,19001,9501,10,5,0.999998203268827,0.999998457342347,0.999998821041273,0.999998553999891,0.999998958754227,0.999998958754227
265,State3_Energetic,1.6,7.2,13,validation,pto_damping_loss,0.2,run00265_seed013_sev020_Hs160_Tp720.csv,run00265_seed013_sev020_Hs160_Tp720_5hz.csv,20001,19001,9501,10,5,0.999998178200056,0.999998381150575,0.99999886665509,0.999998663626204,0.999998995587089,0.999998995587088
266,State3_Energetic,1.6,7.2,14,validation,healthy,1,run00266_seed014_sev100_Hs160_Tp720.csv,run00266_seed014_sev100_Hs160_Tp720_5hz.csv,20001,19001,9501,10,5,0.999998392080429,0.999997320396164,0.999997069236045,0.99999681792298,0.999996971377054,0.999996971377054
267,State3_Energetic,1.6,7.2,14,validation,pto_damping_loss,0.8,run00267_seed014_sev080_Hs160_Tp720.csv,run00267_seed014_sev080_Hs160_Tp720_5hz.csv,20001,19001,9501,10,5,0.999998386445073,0.999997184536235,0.999997077090666,0.999996555878951,0.999997191636837,0.999997191636837
268,State3_Energetic,1.6,7.2,14,validation,pto_damping_loss,0.6,run00268_seed014_sev060_Hs160_Tp720.csv,run00268_seed014_sev060_Hs160_Tp720_5hz.csv,20001,19001,9501,10,5,0.999998379404658,0.999997011817451,0.999997084666877,0.999996239564617,0.999997454720082,0.999997454720082
269,State3_Energetic,1.6,7.2,14,validation,pto_damping_loss,0.4,run00269_seed014_sev040_Hs160_Tp720.csv,run00269_seed014_sev040_Hs160_Tp720_5hz.csv,20001,19001,9501,10,5,0.999998370649107,0.999996787638207,0.999997092233403,0.999995858911211,0.999997758069388,0.999997758069388
270,State3_Energetic,1.6,7.2,14,validation,pto_damping_loss,0.2,run00270_seed014_sev020_Hs160_Tp720.csv,run00270_seed014_sev020_Hs160_Tp720_5hz.csv,20001,19001,9501,10,5,0.999998359803588,0.999996491589491,0.999997096961809,0.999995414410632,0.999998081450026,0.999998081450026
271,State3_Energetic,1.6,7.2,15,validation,healthy,1,run00271_seed015_sev100_Hs160_Tp720.csv,run00271_seed015_sev100_Hs160_Tp720_5hz.csv,20001,19001,9501,10,5,0.999997683003736,0.999998721228713,0.999998057830115,0.999998331127715,0.999997308952896,0.999997308952896
272,State3_Energetic,1.6,7.2,15,validation,pto_damping_loss,0.8,run00272_seed015_sev080_Hs160_Tp720.csv,run00272_seed015_sev080_Hs160_Tp720_5hz.csv,20001,19001,9501,10,5,0.999997639198617,0.999998731321585,0.999998017398723,0.999998256263548,0.999997465839548,0.999997465839548
273,State3_Energetic,1.6,7.2,15,validation,pto_damping_loss,0.6,run00273_seed015_sev060_Hs160_Tp720.csv,run00273_seed015_sev060_Hs160_Tp720_5hz.csv,20001,19001,9501,10,5,0.999997582550346,0.999998732787944,0.999997969033523,0.999998170704376,0.999997653423453,0.999997653423453
274,State3_Energetic,1.6,7.2,15,validation,pto_damping_loss,0.4,run00274_seed015_sev040_Hs160_Tp720.csv,run00274_seed015_sev040_Hs160_Tp720_5hz.csv,20001,19001,9501,10,5,0.99999750822057,0.999998722780235,0.999997905646314,0.999998075257672,0.999997881281936,0.999997881281936
275,State3_Energetic,1.6,7.2,15,validation,pto_damping_loss,0.2,run00275_seed015_sev020_Hs160_Tp720.csv,run00275_seed015_sev020_Hs160_Tp720_5hz.csv,20001,19001,9501,10,5,0.999997411488164,0.999998697620182,0.999997820075962,0.999997969918603,0.999998168586911,0.999998168586911
276,State3_Energetic,1.6,7.2,16,validation,healthy,1,run00276_seed016_sev100_Hs160_Tp720.csv,run00276_seed016_sev100_Hs160_Tp720_5hz.csv,20001,19001,9501,10,5,0.999996654693158,0.999996493810592,0.99999696032054,0.999996247992323,0.999998132332372,0.999998132332372
277,State3_Energetic,1.6,7.2,16,validation,pto_damping_loss,0.8,run00277_seed016_sev080_Hs160_Tp720.csv,run00277_seed016_sev080_Hs160_Tp720_5hz.csv,20001,19001,9501,10,5,0.999996676806265,0.999996370159172,0.999997030762081,0.999996083839727,0.99999824663277,0.99999824663277
278,State3_Energetic,1.6,7.2,16,validation,pto_damping_loss,0.6,run00278_seed016_sev060_Hs160_Tp720.csv,run00278_seed016_sev060_Hs160_Tp720_5hz.csv,20001,19001,9501,10,5,0.999996695352734,0.999996213675041,0.999997156197717,0.999995862329923,0.999998406706329,0.999998406706329
279,State3_Energetic,1.6,7.2,16,validation,pto_damping_loss,0.4,run00279_seed016_sev040_Hs160_Tp720.csv,run00279_seed016_sev040_Hs160_Tp720_5hz.csv,20001,19001,9501,10,5,0.999996706828395,0.999996011764992,0.999997345077445,0.999995558857985,0.999998624647746,0.999998624647746
280,State3_Energetic,1.6,7.2,16,validation,pto_damping_loss,0.2,run00280_seed016_sev020_Hs160_Tp720.csv,run00280_seed016_sev020_Hs160_Tp720_5hz.csv,20001,19001,9501,10,5,0.999996710888736,0.9999957461179,0.999997592180398,0.999995140865961,0.99999890485523,0.999998904855231
281,State3_Energetic,1.6,7.2,17,test,healthy,1,run00281_seed017_sev100_Hs160_Tp720.csv,run00281_seed017_sev100_Hs160_Tp720_5hz.csv,20001,19001,9501,10,5,0.999998934010868,0.999997910046831,0.999999358282517,0.999997313652461,0.999999370584042,0.999999370584042
282,State3_Energetic,1.6,7.2,17,test,pto_damping_loss,0.8,run00282_seed017_sev080_Hs160_Tp720.csv,run00282_seed017_sev080_Hs160_Tp720_5hz.csv,20001,19001,9501,10,5,0.999998886725408,0.999997881841648,0.999999305826694,0.999997277390144,0.999999347802678,0.999999347802678
283,State3_Energetic,1.6,7.2,17,test,pto_damping_loss,0.6,run00283_seed017_sev060_Hs160_Tp720.csv,run00283_seed017_sev060_Hs160_Tp720_5hz.csv,20001,19001,9501,10,5,0.999998827873901,0.999997858694692,0.999999237046691,0.999997262132805,0.999999293772005,0.999999293772006
284,State3_Energetic,1.6,7.2,17,test,pto_damping_loss,0.4,run00284_seed017_sev040_Hs160_Tp720.csv,run00284_seed017_sev040_Hs160_Tp720_5hz.csv,20001,19001,9501,10,5,0.999998755472737,0.999997852955642,0.999999157699076,0.999997286416723,0.999999188184528,0.999999188184528
285,State3_Energetic,1.6,7.2,17,test,pto_damping_loss,0.2,run00285_seed017_sev020_Hs160_Tp720.csv,run00285_seed017_sev020_Hs160_Tp720_5hz.csv,20001,19001,9501,10,5,0.999998667102199,0.999997889920945,0.999999065736549,0.999997385064942,0.999998994986948,0.999998994986948
286,State3_Energetic,1.6,7.2,18,test,healthy,1,run00286_seed018_sev100_Hs160_Tp720.csv,run00286_seed018_sev100_Hs160_Tp720_5hz.csv,20001,19001,9501,10,5,0.999997797708539,0.999998245454354,0.999998795826802,0.999997988933594,0.999998577746952,0.999998577746952
287,State3_Energetic,1.6,7.2,18,test,pto_damping_loss,0.8,run00287_seed018_sev080_Hs160_Tp720.csv,run00287_seed018_sev080_Hs160_Tp720_5hz.csv,20001,19001,9501,10,5,0.999997782656989,0.9999982265374,0.999998803997187,0.99999790866997,0.999998676884294,0.999998676884294
288,State3_Energetic,1.6,7.2,18,test,pto_damping_loss,0.6,run00288_seed018_sev060_Hs160_Tp720.csv,run00288_seed018_sev060_Hs160_Tp720_5hz.csv,20001,19001,9501,10,5,0.999997761657731,0.99999819415064,0.999998814307185,0.999997805397618,0.999998798360155,0.999998798360156
289,State3_Energetic,1.6,7.2,18,test,pto_damping_loss,0.4,run00289_seed018_sev040_Hs160_Tp720.csv,run00289_seed018_sev040_Hs160_Tp720_5hz.csv,20001,19001,9501,10,5,0.99999773495584,0.999998145286457,0.999998835945218,0.999997669144848,0.999998946989016,0.999998946989016
290,State3_Energetic,1.6,7.2,18,test,pto_damping_loss,0.2,run00290_seed018_sev020_Hs160_Tp720.csv,run00290_seed018_sev020_Hs160_Tp720_5hz.csv,20001,19001,9501,10,5,0.999997705864012,0.999998077309808,0.999998890580568,0.999997484358327,0.999999124295925,0.999999124295925
291,State3_Energetic,1.6,7.2,19,test,healthy,1,run00291_seed019_sev100_Hs160_Tp720.csv,run00291_seed019_sev100_Hs160_Tp720_5hz.csv,20001,19001,9501,10,5,0.999998877228566,0.99999833638134,0.999998761562629,0.999996884864333,0.999998654693499,0.999998654693499
292,State3_Energetic,1.6,7.2,19,test,pto_damping_loss,0.8,run00292_seed019_sev080_Hs160_Tp720.csv,run00292_seed019_sev080_Hs160_Tp720_5hz.csv,20001,19001,9501,10,5,0.999998866762043,0.999998279730475,0.999998733696961,0.9999968673263,0.999998699338772,0.999998699338772
293,State3_Energetic,1.6,7.2,19,test,pto_damping_loss,0.6,run00293_seed019_sev060_Hs160_Tp720.csv,run00293_seed019_sev060_Hs160_Tp720_5hz.csv,20001,19001,9501,10,5,0.999998853727481,0.999998216272135,0.99999870540745,0.999996859134585,0.99999873957876,0.99999873957876
294,State3_Energetic,1.6,7.2,19,test,pto_damping_loss,0.4,run00294_seed019_sev040_Hs160_Tp720.csv,run00294_seed019_sev040_Hs160_Tp720_5hz.csv,20001,19001,9501,10,5,0.999998836934031,0.999998148094364,0.999998682193928,0.999996866214245,0.999998769025122,0.999998769025122
295,State3_Energetic,1.6,7.2,19,test,pto_damping_loss,0.2,run00295_seed019_sev020_Hs160_Tp720.csv,run00295_seed019_sev020_Hs160_Tp720_5hz.csv,20001,19001,9501,10,5,0.999998814958077,0.999998078437327,0.999998677375467,0.999996898888458,0.999998777959184,0.999998777959184
296,State3_Energetic,1.6,7.2,20,test,healthy,1,run00296_seed020_sev100_Hs160_Tp720.csv,run00296_seed020_sev100_Hs160_Tp720_5hz.csv,20001,19001,9501,10,5,0.999997336318778,0.999998501385918,0.999997940386259,0.999998161138236,0.999997817389967,0.999997817389967
297,State3_Energetic,1.6,7.2,20,test,pto_damping_loss,0.8,run00297_seed020_sev080_Hs160_Tp720.csv,run00297_seed020_sev080_Hs160_Tp720_5hz.csv,20001,19001,9501,10,5,0.999997278220475,0.999998493251409,0.999997894913549,0.999998155882471,0.999997852856532,0.999997852856532
298,State3_Energetic,1.6,7.2,20,test,pto_damping_loss,0.6,run00298_seed020_sev060_Hs160_Tp720.csv,run00298_seed020_sev060_Hs160_Tp720_5hz.csv,20001,19001,9501,10,5,0.999997224174732,0.999998476861681,0.99999787340146,0.999998146830977,0.999997909038385,0.999997909038385
299,State3_Energetic,1.6,7.2,20,test,pto_damping_loss,0.4,run00299_seed020_sev040_Hs160_Tp720.csv,run00299_seed020_sev040_Hs160_Tp720_5hz.csv,20001,19001,9501,10,5,0.999997171186933,0.99999845002691,0.99999786573563,0.999998142639504,0.999997994015953,0.999997994015953
300,State3_Energetic,1.6,7.2,20,test,pto_damping_loss,0.2,run00300_seed020_sev020_Hs160_Tp720.csv,run00300_seed020_sev020_Hs160_Tp720_5hz.csv,20001,19001,9501,10,5,0.999997115702824,0.999998413456067,0.999997872498103,0.999998166942056,0.999998121650123,0.999998121650123
301,State4_LongPeriodSwell,1.6,10,1,train,healthy,1,run00301_seed001_sev100_Hs160_Tp1000.csv,run00301_seed001_sev100_Hs160_Tp1000_5hz.csv,20001,19001,9501,10,5,0.9999978266025,0.999997893160915,0.999998379842072,0.999999539896286,0.999997433737233,0.999997433737233
302,State4_LongPeriodSwell,1.6,10,1,train,pto_damping_loss,0.8,run00302_seed001_sev080_Hs160_Tp1000.csv,run00302_seed001_sev080_Hs160_Tp1000_5hz.csv,20001,19001,9501,10,5,0.999997838490939,0.999997863045256,0.99999846901842,0.999999544032222,0.999997365939119,0.999997365939119
303,State4_LongPeriodSwell,1.6,10,1,train,pto_damping_loss,0.6,run00303_seed001_sev060_Hs160_Tp1000.csv,run00303_seed001_sev060_Hs160_Tp1000_5hz.csv,20001,19001,9501,10,5,0.999997845780787,0.999997825308821,0.999998546837754,0.999999547130549,0.999997283437152,0.999997283437152
304,State4_LongPeriodSwell,1.6,10,1,train,pto_damping_loss,0.4,run00304_seed001_sev040_Hs160_Tp1000.csv,run00304_seed001_sev040_Hs160_Tp1000_5hz.csv,20001,19001,9501,10,5,0.999997847476948,0.999997776428052,0.999998608363228,0.99999954551798,0.999997190653074,0.999997190653074
305,State4_LongPeriodSwell,1.6,10,1,train,pto_damping_loss,0.2,run00305_seed001_sev020_Hs160_Tp1000.csv,run00305_seed001_sev020_Hs160_Tp1000_5hz.csv,20001,19001,9501,10,5,0.999997842677418,0.999997709184096,0.999998647959853,0.999999529352989,0.999997110016376,0.999997110016376
306,State4_LongPeriodSwell,1.6,10,2,train,healthy,1,run00306_seed002_sev100_Hs160_Tp1000.csv,run00306_seed002_sev100_Hs160_Tp1000_5hz.csv,20001,19001,9501,10,5,0.999999032399811,0.999998076671844,0.99999923093064,0.999999290809224,0.999998932580892,0.999998932580892
307,State4_LongPeriodSwell,1.6,10,2,train,pto_damping_loss,0.8,run00307_seed002_sev080_Hs160_Tp1000.csv,run00307_seed002_sev080_Hs160_Tp1000_5hz.csv,20001,19001,9501,10,5,0.999999044166533,0.999998069425039,0.999999262021132,0.999999240254768,0.999998921909237,0.999998921909237
308,State4_LongPeriodSwell,1.6,10,2,train,pto_damping_loss,0.6,run00308_seed002_sev060_Hs160_Tp1000.csv,run00308_seed002_sev060_Hs160_Tp1000_5hz.csv,20001,19001,9501,10,5,0.999999059943711,0.999998057464001,0.999999287272887,0.999999178991452,0.999998906339275,0.999998906339275
309,State4_LongPeriodSwell,1.6,10,2,train,pto_damping_loss,0.4,run00309_seed002_sev040_Hs160_Tp1000.csv,run00309_seed002_sev040_Hs160_Tp1000_5hz.csv,20001,19001,9501,10,5,0.999999080346092,0.999998039657168,0.999999300191393,0.999999104635838,0.999998880878238,0.999998880878238
310,State4_LongPeriodSwell,1.6,10,2,train,pto_damping_loss,0.2,run00310_seed002_sev020_Hs160_Tp1000.csv,run00310_seed002_sev020_Hs160_Tp1000_5hz.csv,20001,19001,9501,10,5,0.99999910633651,0.999998015572187,0.999999290561219,0.999999014242021,0.999998830590199,0.999998830590199
311,State4_LongPeriodSwell,1.6,10,3,train,healthy,1,run00311_seed003_sev100_Hs160_Tp1000.csv,run00311_seed003_sev100_Hs160_Tp1000_5hz.csv,20001,19001,9501,10,5,0.999997218946327,0.999997933992983,0.999998153275827,0.999998059975902,0.999998571407535,0.999998571407534
312,State4_LongPeriodSwell,1.6,10,3,train,pto_damping_loss,0.8,run00312_seed003_sev080_Hs160_Tp1000.csv,run00312_seed003_sev080_Hs160_Tp1000_5hz.csv,20001,19001,9501,10,5,0.999997233071381,0.999997990758295,0.999998171220069,0.99999804178246,0.999998613136446,0.999998613136446
313,State4_LongPeriodSwell,1.6,10,3,train,pto_damping_loss,0.6,run00313_seed003_sev060_Hs160_Tp1000.csv,run00313_seed003_sev060_Hs160_Tp1000_5hz.csv,20001,19001,9501,10,5,0.999997250623119,0.999998047753147,0.999998197731427,0.999998022123603,0.999998665049554,0.999998665049554
314,State4_LongPeriodSwell,1.6,10,3,train,pto_damping_loss,0.4,run00314_seed003_sev040_Hs160_Tp1000.csv,run00314_seed003_sev040_Hs160_Tp1000_5hz.csv,20001,19001,9501,10,5,0.999997271964343,0.999998104644751,0.999998225895262,0.999998001843081,0.999998730210347,0.999998730210347
315,State4_LongPeriodSwell,1.6,10,3,train,pto_damping_loss,0.2,run00315_seed003_sev020_Hs160_Tp1000.csv,run00315_seed003_sev020_Hs160_Tp1000_5hz.csv,20001,19001,9501,10,5,0.999997297570952,0.99999816305274,0.999998245397574,0.999997984340882,0.999998808843038,0.999998808843038
316,State4_LongPeriodSwell,1.6,10,4,train,healthy,1,run00316_seed004_sev100_Hs160_Tp1000.csv,run00316_seed004_sev100_Hs160_Tp1000_5hz.csv,20001,19001,9501,10,5,0.999998279822714,0.99999730955938,0.99999861932708,0.999998338185774,0.999997799711488,0.999997799711488
317,State4_LongPeriodSwell,1.6,10,4,train,pto_damping_loss,0.8,run00317_seed004_sev080_Hs160_Tp1000.csv,run00317_seed004_sev080_Hs160_Tp1000_5hz.csv,20001,19001,9501,10,5,0.999998239519164,0.999997259034437,0.999998526060965,0.999998325632157,0.999997756555373,0.999997756555373
318,State4_LongPeriodSwell,1.6,10,4,train,pto_damping_loss,0.6,run00318_seed004_sev060_Hs160_Tp1000.csv,run00318_seed004_sev060_Hs160_Tp1000_5hz.csv,20001,19001,9501,10,5,0.999998196222265,0.999997204023077,0.99999843350222,0.999998305772092,0.999997695074202,0.999997695074202
319,State4_LongPeriodSwell,1.6,10,4,train,pto_damping_loss,0.4,run00319_seed004_sev040_Hs160_Tp1000.csv,run00319_seed004_sev040_Hs160_Tp1000_5hz.csv,20001,19001,9501,10,5,0.999998151381886,0.999997142726944,0.999998352889071,0.999998274986465,0.999997609076224,0.999997609076224
320,State4_LongPeriodSwell,1.6,10,4,train,pto_damping_loss,0.2,run00320_seed004_sev020_Hs160_Tp1000.csv,run00320_seed004_sev020_Hs160_Tp1000_5hz.csv,20001,19001,9501,10,5,0.999998106967681,0.999997071452049,0.999998298533859,0.999998227895542,0.999997491334858,0.999997491334858
321,State4_LongPeriodSwell,1.6,10,5,train,healthy,1,run00321_seed005_sev100_Hs160_Tp1000.csv,run00321_seed005_sev100_Hs160_Tp1000_5hz.csv,20001,19001,9501,10,5,0.999999143987497,0.999998074812437,0.999999104324433,0.999996976429619,0.999999140943887,0.999999140943887
322,State4_LongPeriodSwell,1.6,10,5,train,pto_damping_loss,0.8,run00322_seed005_sev080_Hs160_Tp1000.csv,run00322_seed005_sev080_Hs160_Tp1000_5hz.csv,20001,19001,9501,10,5,0.999999176180937,0.999998090120894,0.999999185014168,0.999997005640081,0.99999908103966,0.99999908103966
323,State4_LongPeriodSwell,1.6,10,5,train,pto_damping_loss,0.6,run00323_seed005_sev060_Hs160_Tp1000.csv,run00323_seed005_sev060_Hs160_Tp1000_5hz.csv,20001,19001,9501,10,5,0.999999214967551,0.999998108994527,0.999999266576041,0.999997046796285,0.999998996681988,0.999998996681988
324,State4_LongPeriodSwell,1.6,10,5,train,pto_damping_loss,0.4,run00324_seed005_sev040_Hs160_Tp1000.csv,run00324_seed005_sev040_Hs160_Tp1000_5hz.csv,20001,19001,9501,10,5,0.999999262456493,0.999998132376695,0.999999348051942,0.999997103981217,0.999998885595529,0.999998885595529
325,State4_LongPeriodSwell,1.6,10,5,train,pto_damping_loss,0.2,run00325_seed005_sev020_Hs160_Tp1000.csv,run00325_seed005_sev020_Hs160_Tp1000_5hz.csv,20001,19001,9501,10,5,0.999999320562428,0.999998160726057,0.999999424401772,0.999997187451933,0.999998751783654,0.999998751783654
326,State4_LongPeriodSwell,1.6,10,6,train,healthy,1,run00326_seed006_sev100_Hs160_Tp1000.csv,run00326_seed006_sev100_Hs160_Tp1000_5hz.csv,20001,19001,9501,10,5,0.999998242561485,0.999998478236284,0.999998182342265,0.999999222988277,0.999998314588073,0.999998314588073
327,State4_LongPeriodSwell,1.6,10,6,train,pto_damping_loss,0.8,run00327_seed006_sev080_Hs160_Tp1000.csv,run00327_seed006_sev080_Hs160_Tp1000_5hz.csv,20001,19001,9501,10,5,0.999998223242366,0.999998487404954,0.999998209358344,0.99999923261308,0.999998327985372,0.999998327985372
328,State4_LongPeriodSwell,1.6,10,6,train,pto_damping_loss,0.6,run00328_seed006_sev060_Hs160_Tp1000.csv,run00328_seed006_sev060_Hs160_Tp1000_5hz.csv,20001,19001,9501,10,5,0.999998199438468,0.999998492185346,0.999998215012837,0.999999248878578,0.999998335598045,0.999998335598045
329,State4_LongPeriodSwell,1.6,10,6,train,pto_damping_loss,0.4,run00329_seed006_sev040_Hs160_Tp1000.csv,run00329_seed006_sev040_Hs160_Tp1000_5hz.csv,20001,19001,9501,10,5,0.999998171542401,0.99999849155065,0.999998199826284,0.999999274305608,0.999998340248176,0.999998340248176
330,State4_LongPeriodSwell,1.6,10,6,train,pto_damping_loss,0.2,run00330_seed006_sev020_Hs160_Tp1000.csv,run00330_seed006_sev020_Hs160_Tp1000_5hz.csv,20001,19001,9501,10,5,0.999998139322248,0.999998483564831,0.999998167878869,0.999999312412622,0.999998353861121,0.999998353861121
331,State4_LongPeriodSwell,1.6,10,7,train,healthy,1,run00331_seed007_sev100_Hs160_Tp1000.csv,run00331_seed007_sev100_Hs160_Tp1000_5hz.csv,20001,19001,9501,10,5,0.999998125545509,0.999998324842486,0.999998124771364,0.999998795946713,0.999998633669027,0.999998633669026
332,State4_LongPeriodSwell,1.6,10,7,train,pto_damping_loss,0.8,run00332_seed007_sev080_Hs160_Tp1000.csv,run00332_seed007_sev080_Hs160_Tp1000_5hz.csv,20001,19001,9501,10,5,0.999998127899855,0.999998309425417,0.999998212183778,0.999998756014084,0.999998629247542,0.999998629247542
333,State4_LongPeriodSwell,1.6,10,7,train,pto_damping_loss,0.6,run00333_seed007_sev060_Hs160_Tp1000.csv,run00333_seed007_sev060_Hs160_Tp1000_5hz.csv,20001,19001,9501,10,5,0.999998140141811,0.999998295688879,0.999998335553331,0.999998715205881,0.999998629106172,0.999998629106172
334,State4_LongPeriodSwell,1.6,10,7,train,pto_damping_loss,0.4,run00334_seed007_sev040_Hs160_Tp1000.csv,run00334_seed007_sev040_Hs160_Tp1000_5hz.csv,20001,19001,9501,10,5,0.9999981656302,0.999998284174504,0.999998501467869,0.999998674469198,0.99999863457464,0.99999863457464
335,State4_LongPeriodSwell,1.6,10,7,train,pto_damping_loss,0.2,run00335_seed007_sev020_Hs160_Tp1000.csv,run00335_seed007_sev020_Hs160_Tp1000_5hz.csv,20001,19001,9501,10,5,0.999998208983407,0.999998272522515,0.999998715207401,0.999998634249595,0.999998645640669,0.999998645640669
336,State4_LongPeriodSwell,1.6,10,8,train,healthy,1,run00336_seed008_sev100_Hs160_Tp1000.csv,run00336_seed008_sev100_Hs160_Tp1000_5hz.csv,20001,19001,9501,10,5,0.999997650436122,0.999998409276545,0.999998360768311,0.999998866590121,0.999998295834766,0.999998295834766
337,State4_LongPeriodSwell,1.6,10,8,train,pto_damping_loss,0.8,run00337_seed008_sev080_Hs160_Tp1000.csv,run00337_seed008_sev080_Hs160_Tp1000_5hz.csv,20001,19001,9501,10,5,0.999997647829567,0.999998416431192,0.999998328508314,0.999998809161278,0.999998256899752,0.999998256899752
338,State4_LongPeriodSwell,1.6,10,8,train,pto_damping_loss,0.6,run00338_seed008_sev060_Hs160_Tp1000.csv,run00338_seed008_sev060_Hs160_Tp1000_5hz.csv,20001,19001,9501,10,5,0.999997647884642,0.999998421018035,0.999998285449742,0.999998736700151,0.999998214270464,0.999998214270464
339,State4_LongPeriodSwell,1.6,10,8,train,pto_damping_loss,0.4,run00339_seed008_sev040_Hs160_Tp1000.csv,run00339_seed008_sev040_Hs160_Tp1000_5hz.csv,20001,19001,9501,10,5,0.999997650864385,0.999998423006161,0.999998231818881,0.999998647724751,0.999998167035729,0.999998167035729
340,State4_LongPeriodSwell,1.6,10,8,train,pto_damping_loss,0.2,run00340_seed008_sev020_Hs160_Tp1000.csv,run00340_seed008_sev020_Hs160_Tp1000_5hz.csv,20001,19001,9501,10,5,0.999997657187761,0.999998422754695,0.999998168730543,0.999998543481378,0.999998108894927,0.999998108894926
341,State4_LongPeriodSwell,1.6,10,9,train,healthy,1,run00341_seed009_sev100_Hs160_Tp1000.csv,run00341_seed009_sev100_Hs160_Tp1000_5hz.csv,20001,19001,9501,10,5,0.999997711081101,0.999997630142511,0.999996649220802,0.999998496895541,0.999998666656411,0.999998666656411
342,State4_LongPeriodSwell,1.6,10,9,train,pto_damping_loss,0.8,run00342_seed009_sev080_Hs160_Tp1000.csv,run00342_seed009_sev080_Hs160_Tp1000_5hz.csv,20001,19001,9501,10,5,0.999997752352132,0.999997632748178,0.999996720431484,0.999998574511398,0.999998614892444,0.999998614892444
343,State4_LongPeriodSwell,1.6,10,9,train,pto_damping_loss,0.6,run00343_seed009_sev060_Hs160_Tp1000.csv,run00343_seed009_sev060_Hs160_Tp1000_5hz.csv,20001,19001,9501,10,5,0.99999779541954,0.999997636547335,0.999996801135586,0.999998663919992,0.999998559538958,0.999998559538958
344,State4_LongPeriodSwell,1.6,10,9,train,pto_damping_loss,0.4,run00344_seed009_sev040_Hs160_Tp1000.csv,run00344_seed009_sev040_Hs160_Tp1000_5hz.csv,20001,19001,9501,10,5,0.999997839815006,0.99999764014386,0.999996895062683,0.999998765956396,0.999998507245948,0.999998507245948
345,State4_LongPeriodSwell,1.6,10,9,train,pto_damping_loss,0.2,run00345_seed009_sev020_Hs160_Tp1000.csv,run00345_seed009_sev020_Hs160_Tp1000_5hz.csv,20001,19001,9501,10,5,0.999997884789467,0.999997641640805,0.999997007970887,0.999998881630657,0.999998473317215,0.999998473317215
346,State4_LongPeriodSwell,1.6,10,10,train,healthy,1,run00346_seed010_sev100_Hs160_Tp1000.csv,run00346_seed010_sev100_Hs160_Tp1000_5hz.csv,20001,19001,9501,10,5,0.999998591444688,0.999998233147892,0.999999160116921,0.999997708843261,0.999997878464111,0.999997878464111
347,State4_LongPeriodSwell,1.6,10,10,train,pto_damping_loss,0.8,run00347_seed010_sev080_Hs160_Tp1000.csv,run00347_seed010_sev080_Hs160_Tp1000_5hz.csv,20001,19001,9501,10,5,0.999998576662015,0.999998240740274,0.99999916939027,0.999997615279409,0.999997974369485,0.999997974369485
348,State4_LongPeriodSwell,1.6,10,10,train,pto_damping_loss,0.6,run00348_seed010_sev060_Hs160_Tp1000.csv,run00348_seed010_sev060_Hs160_Tp1000_5hz.csv,20001,19001,9501,10,5,0.999998565099399,0.999998255132077,0.99999917304113,0.999997520762173,0.99999807936282,0.999998079362819
349,State4_LongPeriodSwell,1.6,10,10,train,pto_damping_loss,0.4,run00349_seed010_sev040_Hs160_Tp1000.csv,run00349_seed010_sev040_Hs160_Tp1000_5hz.csv,20001,19001,9501,10,5,0.999998557849799,0.999998279952292,0.999999170369975,0.999997426369208,0.999998195400992,0.999998195400992
350,State4_LongPeriodSwell,1.6,10,10,train,pto_damping_loss,0.2,run00350_seed010_sev020_Hs160_Tp1000.csv,run00350_seed010_sev020_Hs160_Tp1000_5hz.csv,20001,19001,9501,10,5,0.999998555161423,0.999998320364896,0.999999157477066,0.999997329666186,0.999998327936132,0.999998327936132
351,State4_LongPeriodSwell,1.6,10,11,train,healthy,1,run00351_seed011_sev100_Hs160_Tp1000.csv,run00351_seed011_sev100_Hs160_Tp1000_5hz.csv,20001,19001,9501,10,5,0.999998132521986,0.999997966901178,0.999998942979553,0.999998809195104,0.999998092183039,0.999998092183039
352,State4_LongPeriodSwell,1.6,10,11,train,pto_damping_loss,0.8,run00352_seed011_sev080_Hs160_Tp1000.csv,run00352_seed011_sev080_Hs160_Tp1000_5hz.csv,20001,19001,9501,10,5,0.999998114661436,0.99999801946831,0.99999895622912,0.999998811758206,0.999998036804013,0.999998036804013
353,State4_LongPeriodSwell,1.6,10,11,train,pto_damping_loss,0.6,run00353_seed011_sev060_Hs160_Tp1000.csv,run00353_seed011_sev060_Hs160_Tp1000_5hz.csv,20001,19001,9501,10,5,0.999998095253338,0.999998076132954,0.999998947060104,0.999998806219841,0.99999797595189,0.99999797595189
354,State4_LongPeriodSwell,1.6,10,11,train,pto_damping_loss,0.4,run00354_seed011_sev040_Hs160_Tp1000.csv,run00354_seed011_sev040_Hs160_Tp1000_5hz.csv,20001,19001,9501,10,5,0.999998076213508,0.999998137065883,0.999998908101693,0.999998784815699,0.999997907511051,0.999997907511051
355,State4_LongPeriodSwell,1.6,10,11,train,pto_damping_loss,0.2,run00355_seed011_sev020_Hs160_Tp1000.csv,run00355_seed011_sev020_Hs160_Tp1000_5hz.csv,20001,19001,9501,10,5,0.999998060799983,0.99999820262137,0.999998831793137,0.999998729422267,0.999997827295921,0.999997827295921
356,State4_LongPeriodSwell,1.6,10,12,train,healthy,1,run00356_seed012_sev100_Hs160_Tp1000.csv,run00356_seed012_sev100_Hs160_Tp1000_5hz.csv,20001,19001,9501,10,5,0.999999271438563,0.999997227322964,0.999999081751761,0.999995635291798,0.999999076690992,0.999999076690992
357,State4_LongPeriodSwell,1.6,10,12,train,pto_damping_loss,0.8,run00357_seed012_sev080_Hs160_Tp1000.csv,run00357_seed012_sev080_Hs160_Tp1000_5hz.csv,20001,19001,9501,10,5,0.999999315797876,0.999997139411592,0.999999242447903,0.999995657377981,0.999998989947005,0.999998989947005
358,State4_LongPeriodSwell,1.6,10,12,train,pto_damping_loss,0.6,run00358_seed012_sev060_Hs160_Tp1000.csv,run00358_seed012_sev060_Hs160_Tp1000_5hz.csv,20001,19001,9501,10,5,0.999999350843685,0.999997047461067,0.999999384725536,0.999995711262881,0.999998868214565,0.999998868214565
359,State4_LongPeriodSwell,1.6,10,12,train,pto_damping_loss,0.4,run00359_seed012_sev040_Hs160_Tp1000.csv,run00359_seed012_sev040_Hs160_Tp1000_5hz.csv,20001,19001,9501,10,5,0.999999376584726,0.999996949627736,0.999999505865648,0.999995800414121,0.999998698462326,0.999998698462326
360,State4_LongPeriodSwell,1.6,10,12,train,pto_damping_loss,0.2,run00360_seed012_sev020_Hs160_Tp1000.csv,run00360_seed012_sev020_Hs160_Tp1000_5hz.csv,20001,19001,9501,10,5,0.999999392112837,0.999996839414665,0.999999595851579,0.999995920024296,0.999998457107583,0.999998457107583
361,State4_LongPeriodSwell,1.6,10,13,validation,healthy,1,run00361_seed013_sev100_Hs160_Tp1000.csv,run00361_seed013_sev100_Hs160_Tp1000_5hz.csv,20001,19001,9501,10,5,0.999998027758766,0.999997856441803,0.999997819349701,0.999998409643893,0.999999010011251,0.999999010011251
362,State4_LongPeriodSwell,1.6,10,13,validation,pto_damping_loss,0.8,run00362_seed013_sev080_Hs160_Tp1000.csv,run00362_seed013_sev080_Hs160_Tp1000_5hz.csv,20001,19001,9501,10,5,0.999998024858367,0.999997837184687,0.999997854997329,0.99999835507371,0.999998939416784,0.999998939416784
363,State4_LongPeriodSwell,1.6,10,13,validation,pto_damping_loss,0.6,run00363_seed013_sev060_Hs160_Tp1000.csv,run00363_seed013_sev060_Hs160_Tp1000_5hz.csv,20001,19001,9501,10,5,0.999998023065308,0.999997823270357,0.999997895970507,0.999998294605256,0.999998838653313,0.999998838653314
364,State4_LongPeriodSwell,1.6,10,13,validation,pto_damping_loss,0.4,run00364_seed013_sev040_Hs160_Tp1000.csv,run00364_seed013_sev040_Hs160_Tp1000_5hz.csv,20001,19001,9501,10,5,0.999998024783719,0.999997816868428,0.999997954096341,0.999998223658063,0.999998698262593,0.999998698262593
365,State4_LongPeriodSwell,1.6,10,13,validation,pto_damping_loss,0.2,run00365_seed013_sev020_Hs160_Tp1000.csv,run00365_seed013_sev020_Hs160_Tp1000_5hz.csv,20001,19001,9501,10,5,0.999998032973206,0.999997819994409,0.999998050788121,0.99999813262699,0.999998503676173,0.999998503676173
366,State4_LongPeriodSwell,1.6,10,14,validation,healthy,1,run00366_seed014_sev100_Hs160_Tp1000.csv,run00366_seed014_sev100_Hs160_Tp1000_5hz.csv,20001,19001,9501,10,5,0.999998700659657,0.999998439345259,0.999999218726705,0.999998122992489,0.999998832052678,0.999998832052678
367,State4_LongPeriodSwell,1.6,10,14,validation,pto_damping_loss,0.8,run00367_seed014_sev080_Hs160_Tp1000.csv,run00367_seed014_sev080_Hs160_Tp1000_5hz.csv,20001,19001,9501,10,5,0.999998677113857,0.999998467241118,0.999999179160787,0.999998160281231,0.999998886813302,0.999998886813303
368,State4_LongPeriodSwell,1.6,10,14,validation,pto_damping_loss,0.6,run00368_seed014_sev060_Hs160_Tp1000.csv,run00368_seed014_sev060_Hs160_Tp1000_5hz.csv,20001,19001,9501,10,5,0.999998646833673,0.999998496681406,0.999999111384937,0.999998199909466,0.999998945765193,0.999998945765194
369,State4_LongPeriodSwell,1.6,10,14,validation,pto_damping_loss,0.4,run00369_seed014_sev040_Hs160_Tp1000.csv,run00369_seed014_sev040_Hs160_Tp1000_5hz.csv,20001,19001,9501,10,5,0.999998608468828,0.999998529003917,0.999999006050393,0.99999824050439,0.999999007850778,0.999999007850778
370,State4_LongPeriodSwell,1.6,10,14,validation,pto_damping_loss,0.2,run00370_seed014_sev020_Hs160_Tp1000.csv,run00370_seed014_sev020_Hs160_Tp1000_5hz.csv,20001,19001,9501,10,5,0.99999855999318,0.999998567518945,0.999998849153431,0.999998278204417,0.999999066716394,0.999999066716393
371,State4_LongPeriodSwell,1.6,10,15,validation,healthy,1,run00371_seed015_sev100_Hs160_Tp1000.csv,run00371_seed015_sev100_Hs160_Tp1000_5hz.csv,20001,19001,9501,10,5,0.999998872910764,0.999998193241835,0.999999089575645,0.999998445690681,0.99999789575213,0.99999789575213
372,State4_LongPeriodSwell,1.6,10,15,validation,pto_damping_loss,0.8,run00372_seed015_sev080_Hs160_Tp1000.csv,run00372_seed015_sev080_Hs160_Tp1000_5hz.csv,20001,19001,9501,10,5,0.999998765739642,0.999998150661236,0.999999101838111,0.99999854684362,0.999997842014722,0.999997842014722
373,State4_LongPeriodSwell,1.6,10,15,validation,pto_damping_loss,0.6,run00373_seed015_sev060_Hs160_Tp1000.csv,run00373_seed015_sev060_Hs160_Tp1000_5hz.csv,20001,19001,9501,10,5,0.999998638949451,0.999998097001082,0.999999070041902,0.999998643786114,0.999997806344216,0.999997806344217
374,State4_LongPeriodSwell,1.6,10,15,validation,pto_damping_loss,0.4,run00374_seed015_sev040_Hs160_Tp1000.csv,run00374_seed015_sev040_Hs160_Tp1000_5hz.csv,20001,19001,9501,10,5,0.999998507513808,0.999998026937693,0.999998991821949,0.999998723371057,0.999997797461841,0.999997797461841
375,State4_LongPeriodSwell,1.6,10,15,validation,pto_damping_loss,0.2,run00375_seed015_sev020_Hs160_Tp1000.csv,run00375_seed015_sev020_Hs160_Tp1000_5hz.csv,20001,19001,9501,10,5,0.999998390953704,0.999997930122435,0.999998897296468,0.99999876168695,0.999997829120159,0.999997829120159
376,State4_LongPeriodSwell,1.6,10,16,validation,healthy,1,run00376_seed016_sev100_Hs160_Tp1000.csv,run00376_seed016_sev100_Hs160_Tp1000_5hz.csv,20001,19001,9501,10,5,0.999997820672793,0.999997371926603,0.999998487506295,0.999997700733472,0.999998270673633,0.999998270673633
377,State4_LongPeriodSwell,1.6,10,16,validation,pto_damping_loss,0.8,run00377_seed016_sev080_Hs160_Tp1000.csv,run00377_seed016_sev080_Hs160_Tp1000_5hz.csv,20001,19001,9501,10,5,0.999997761501134,0.999997357638415,0.999998400487923,0.99999771630469,0.999998305621198,0.999998305621198
378,State4_LongPeriodSwell,1.6,10,16,validation,pto_damping_loss,0.6,run00378_seed016_sev060_Hs160_Tp1000.csv,run00378_seed016_sev060_Hs160_Tp1000_5hz.csv,20001,19001,9501,10,5,0.999997722941868,0.999997352601026,0.999998332981733,0.999997742238133,0.99999834061212,0.99999834061212
379,State4_LongPeriodSwell,1.6,10,16,validation,pto_damping_loss,0.4,run00379_seed016_sev040_Hs160_Tp1000.csv,run00379_seed016_sev040_Hs160_Tp1000_5hz.csv,20001,19001,9501,10,5,0.999997711721791,0.99999736153134,0.999998298834518,0.999997786890116,0.99999838440205,0.99999838440205
380,State4_LongPeriodSwell,1.6,10,16,validation,pto_damping_loss,0.2,run00380_seed016_sev020_Hs160_Tp1000.csv,run00380_seed016_sev020_Hs160_Tp1000_5hz.csv,20001,19001,9501,10,5,0.999997734466152,0.999997391152849,0.999998318709239,0.999997863466657,0.999998462640179,0.99999846264018
381,State4_LongPeriodSwell,1.6,10,17,test,healthy,1,run00381_seed017_sev100_Hs160_Tp1000.csv,run00381_seed017_sev100_Hs160_Tp1000_5hz.csv,20001,19001,9501,10,5,0.999998351093999,0.999997584395869,0.999998647103034,0.999998541519696,0.999997176185349,0.999997176185349
382,State4_LongPeriodSwell,1.6,10,17,test,pto_damping_loss,0.8,run00382_seed017_sev080_Hs160_Tp1000.csv,run00382_seed017_sev080_Hs160_Tp1000_5hz.csv,20001,19001,9501,10,5,0.999998341852997,0.999997563239003,0.999998662709298,0.999998503240989,0.999997274995242,0.999997274995241
383,State4_LongPeriodSwell,1.6,10,17,test,pto_damping_loss,0.6,run00383_seed017_sev060_Hs160_Tp1000.csv,run00383_seed017_sev060_Hs160_Tp1000_5hz.csv,20001,19001,9501,10,5,0.999998323927702,0.999997542758696,0.999998671181465,0.999998466109741,0.999997362336835,0.999997362336835
384,State4_LongPeriodSwell,1.6,10,17,test,pto_damping_loss,0.4,run00384_seed017_sev040_Hs160_Tp1000.csv,run00384_seed017_sev040_Hs160_Tp1000_5hz.csv,20001,19001,9501,10,5,0.999998294208157,0.999997527001588,0.999998663669066,0.99999843401062,0.999997423160496,0.999997423160496
385,State4_LongPeriodSwell,1.6,10,17,test,pto_damping_loss,0.2,run00385_seed017_sev020_Hs160_Tp1000.csv,run00385_seed017_sev020_Hs160_Tp1000_5hz.csv,20001,19001,9501,10,5,0.999998248637102,0.999997524086697,0.999998626969602,0.999998415600267,0.999997431034096,0.999997431034096
386,State4_LongPeriodSwell,1.6,10,18,test,healthy,1,run00386_seed018_sev100_Hs160_Tp1000.csv,run00386_seed018_sev100_Hs160_Tp1000_5hz.csv,20001,19001,9501,10,5,0.999997477252807,0.999998333052445,0.999998261254979,0.999999011438618,0.99999761653566,0.99999761653566
387,State4_LongPeriodSwell,1.6,10,18,test,pto_damping_loss,0.8,run00387_seed018_sev080_Hs160_Tp1000.csv,run00387_seed018_sev080_Hs160_Tp1000_5hz.csv,20001,19001,9501,10,5,0.999997410521365,0.999998355092124,0.999998107872292,0.999998987488742,0.999997498998824,0.999997498998824
388,State4_LongPeriodSwell,1.6,10,18,test,pto_damping_loss,0.6,run00388_seed018_sev060_Hs160_Tp1000.csv,run00388_seed018_sev060_Hs160_Tp1000_5hz.csv,20001,19001,9501,10,5,0.999997349266334,0.999998380713579,0.999997949433864,0.999998964349522,0.999997365095564,0.999997365095564
389,State4_LongPeriodSwell,1.6,10,18,test,pto_damping_loss,0.4,run00389_seed018_sev040_Hs160_Tp1000.csv,run00389_seed018_sev040_Hs160_Tp1000_5hz.csv,20001,19001,9501,10,5,0.999997301962592,0.999998410695243,0.999997810879586,0.999998940538559,0.99999721872575,0.99999721872575
390,State4_LongPeriodSwell,1.6,10,18,test,pto_damping_loss,0.2,run00390_seed018_sev020_Hs160_Tp1000.csv,run00390_seed018_sev020_Hs160_Tp1000_5hz.csv,20001,19001,9501,10,5,0.999997277418639,0.999998445661059,0.999997719506878,0.999998913769369,0.999997075286021,0.999997075286021
391,State4_LongPeriodSwell,1.6,10,19,test,healthy,1,run00391_seed019_sev100_Hs160_Tp1000.csv,run00391_seed019_sev100_Hs160_Tp1000_5hz.csv,20001,19001,9501,10,5,0.999997683768803,0.999997979240153,0.999997609017192,0.999997811438775,0.999998420379124,0.999998420379124
392,State4_LongPeriodSwell,1.6,10,19,test,pto_damping_loss,0.8,run00392_seed019_sev080_Hs160_Tp1000.csv,run00392_seed019_sev080_Hs160_Tp1000_5hz.csv,20001,19001,9501,10,5,0.999997744887595,0.999997965724609,0.999997689274817,0.999997831601572,0.999998423467702,0.999998423467701
393,State4_LongPeriodSwell,1.6,10,19,test,pto_damping_loss,0.6,run00393_seed019_sev060_Hs160_Tp1000.csv,run00393_seed019_sev060_Hs160_Tp1000_5hz.csv,20001,19001,9501,10,5,0.999997815993297,0.999997951008274,0.99999782855159,0.999997868428552,0.999998416789889,0.999998416789889
394,State4_LongPeriodSwell,1.6,10,19,test,pto_damping_loss,0.4,run00394_seed019_sev040_Hs160_Tp1000.csv,run00394_seed019_sev040_Hs160_Tp1000_5hz.csv,20001,19001,9501,10,5,0.999997895379751,0.999997936324106,0.99999803009602,0.999997929478439,0.999998401563026,0.999998401563025
395,State4_LongPeriodSwell,1.6,10,19,test,pto_damping_loss,0.2,run00395_seed019_sev020_Hs160_Tp1000.csv,run00395_seed019_sev020_Hs160_Tp1000_5hz.csv,20001,19001,9501,10,5,0.999997979128878,0.999997923707645,0.999998276823901,0.999998022292128,0.99999838383846,0.999998383838461
396,State4_LongPeriodSwell,1.6,10,20,test,healthy,1,run00396_seed020_sev100_Hs160_Tp1000.csv,run00396_seed020_sev100_Hs160_Tp1000_5hz.csv,20001,19001,9501,10,5,0.99999930941315,0.999998632429251,0.999998544920136,0.999999003068057,0.999998141398991,0.999998141398991
397,State4_LongPeriodSwell,1.6,10,20,test,pto_damping_loss,0.8,run00397_seed020_sev080_Hs160_Tp1000.csv,run00397_seed020_sev080_Hs160_Tp1000_5hz.csv,20001,19001,9501,10,5,0.999999307519762,0.999998609920173,0.999998548207685,0.999999065676285,0.999998080305264,0.999998080305264
398,State4_LongPeriodSwell,1.6,10,20,test,pto_damping_loss,0.6,run00398_seed020_sev060_Hs160_Tp1000.csv,run00398_seed020_sev060_Hs160_Tp1000_5hz.csv,20001,19001,9501,10,5,0.999999305998613,0.999998585650218,0.999998569176735,0.99999912545725,0.99999801481982,0.99999801481982
399,State4_LongPeriodSwell,1.6,10,20,test,pto_damping_loss,0.4,run00399_seed020_sev040_Hs160_Tp1000.csv,run00399_seed020_sev040_Hs160_Tp1000_5hz.csv,20001,19001,9501,10,5,0.999999305125958,0.999998558188441,0.999998616615196,0.999999178639805,0.999997936358561,0.999997936358561
400,State4_LongPeriodSwell,1.6,10,20,test,pto_damping_loss,0.2,run00400_seed020_sev020_Hs160_Tp1000.csv,run00400_seed020_sev020_Hs160_Tp1000_5hz.csv,20001,19001,9501,10,5,0.999999304882603,0.999998524181904,0.999998700219056,0.999999219304426,0.999997820292971,0.999997820292971
401,State5_Moderate,2.2,8.3,1,train,healthy,1,run00401_seed001_sev100_Hs220_Tp830.csv,run00401_seed001_sev100_Hs220_Tp830_5hz.csv,20001,19001,9501,10,5,0.999999715626905,0.999998411177034,0.999998800800758,0.999998635896797,0.999998210936371,0.999998210936371
402,State5_Moderate,2.2,8.3,1,train,pto_damping_loss,0.8,run00402_seed001_sev080_Hs220_Tp830.csv,run00402_seed001_sev080_Hs220_Tp830_5hz.csv,20001,19001,9501,10,5,0.999999719886456,0.999998297952307,0.99999872388679,0.999998615015175,0.999998226790932,0.999998226790932
403,State5_Moderate,2.2,8.3,1,train,pto_damping_loss,0.6,run00403_seed001_sev060_Hs220_Tp830.csv,run00403_seed001_sev060_Hs220_Tp830_5hz.csv,20001,19001,9501,10,5,0.999999727028511,0.999998162181096,0.999998682416427,0.999998572330012,0.999998254666219,0.999998254666219
404,State5_Moderate,2.2,8.3,1,train,pto_damping_loss,0.4,run00404_seed001_sev040_Hs220_Tp830.csv,run00404_seed001_sev040_Hs220_Tp830_5hz.csv,20001,19001,9501,10,5,0.999999736312073,0.999998002982642,0.999998675783622,0.999998498896131,0.999998293360771,0.999998293360771
405,State5_Moderate,2.2,8.3,1,train,pto_damping_loss,0.2,run00405_seed001_sev020_Hs220_Tp830.csv,run00405_seed001_sev020_Hs220_Tp830_5hz.csv,20001,19001,9501,10,5,0.999999744395731,0.999997823354761,0.999998691426852,0.999998382100752,0.99999833777604,0.99999833777604
406,State5_Moderate,2.2,8.3,2,train,healthy,1,run00406_seed002_sev100_Hs220_Tp830.csv,run00406_seed002_sev100_Hs220_Tp830_5hz.csv,20001,19001,9501,10,5,0.999999148713014,0.999998368247904,0.999999337832237,0.999998830295701,0.99999903287302,0.99999903287302
407,State5_Moderate,2.2,8.3,2,train,pto_damping_loss,0.8,run00407_seed002_sev080_Hs220_Tp830.csv,run00407_seed002_sev080_Hs220_Tp830_5hz.csv,20001,19001,9501,10,5,0.99999914963148,0.999998346624584,0.999999372095689,0.999998786442165,0.999999041581415,0.999999041581416
408,State5_Moderate,2.2,8.3,2,train,pto_damping_loss,0.6,run00408_seed002_sev060_Hs220_Tp830.csv,run00408_seed002_sev060_Hs220_Tp830_5hz.csv,20001,19001,9501,10,5,0.999999143663707,0.999998319734101,0.999999377818128,0.999998748542669,0.999999051656564,0.999999051656564
409,State5_Moderate,2.2,8.3,2,train,pto_damping_loss,0.4,run00409_seed002_sev040_Hs220_Tp830.csv,run00409_seed002_sev040_Hs220_Tp830_5hz.csv,20001,19001,9501,10,5,0.999999129040781,0.999998290745281,0.999999344516249,0.999998725690592,0.999999061032154,0.999999061032154
410,State5_Moderate,2.2,8.3,2,train,pto_damping_loss,0.2,run00410_seed002_sev020_Hs220_Tp830.csv,run00410_seed002_sev020_Hs220_Tp830_5hz.csv,20001,19001,9501,10,5,0.999999102778572,0.999998267860998,0.999999262976711,0.999998734824816,0.999999063575637,0.999999063575637
411,State5_Moderate,2.2,8.3,3,train,healthy,1,run00411_seed003_sev100_Hs220_Tp830.csv,run00411_seed003_sev100_Hs220_Tp830_5hz.csv,20001,19001,9501,10,5,0.999998391888572,0.99999763584464,0.999996480861128,0.999995413117472,0.999998620821059,0.999998620821059
412,State5_Moderate,2.2,8.3,3,train,pto_damping_loss,0.8,run00412_seed003_sev080_Hs220_Tp830.csv,run00412_seed003_sev080_Hs220_Tp830_5hz.csv,20001,19001,9501,10,5,0.999998504771297,0.999997630586314,0.999996861318063,0.999995666266604,0.999998587359228,0.999998587359228
413,State5_Moderate,2.2,8.3,3,train,pto_damping_loss,0.6,run00413_seed003_sev060_Hs220_Tp830.csv,run00413_seed003_sev060_Hs220_Tp830_5hz.csv,20001,19001,9501,10,5,0.999998500360029,0.999997622771941,0.999997291267377,0.999995918019107,0.999998539380426,0.999998539380427
414,State5_Moderate,2.2,8.3,3,train,pto_damping_loss,0.4,run00414_seed003_sev040_Hs220_Tp830.csv,run00414_seed003_sev040_Hs220_Tp830_5hz.csv,20001,19001,9501,10,5,0.999998477854979,0.999997631090604,0.999997638034961,0.999996172017802,0.999998479192376,0.999998479192376
415,State5_Moderate,2.2,8.3,3,train,pto_damping_loss,0.2,run00415_seed003_sev020_Hs220_Tp830.csv,run00415_seed003_sev020_Hs220_Tp830_5hz.csv,20001,19001,9501,10,5,0.999998461792567,0.999997659721771,0.999997850707168,0.99999646885172,0.999998405988663,0.999998405988662
416,State5_Moderate,2.2,8.3,4,train,healthy,1,run00416_seed004_sev100_Hs220_Tp830.csv,run00416_seed004_sev100_Hs220_Tp830_5hz.csv,20001,19001,9501,10,5,0.99999807018948,0.999998216749029,0.999998380730214,0.999998057462915,0.999999123640531,0.999999123640531
417,State5_Moderate,2.2,8.3,4,train,pto_damping_loss,0.8,run00417_seed004_sev080_Hs220_Tp830.csv,run00417_seed004_sev080_Hs220_Tp830_5hz.csv,20001,19001,9501,10,5,0.999998010744477,0.999998173151069,0.999998291532899,0.999998046468185,0.999999157860128,0.999999157860128
418,State5_Moderate,2.2,8.3,4,train,pto_damping_loss,0.6,run00418_seed004_sev060_Hs220_Tp830.csv,run00418_seed004_sev060_Hs220_Tp830_5hz.csv,20001,19001,9501,10,5,0.99999796421987,0.999998105950306,0.999998184780111,0.999998008192307,0.999999206282114,0.999999206282114
419,State5_Moderate,2.2,8.3,4,train,pto_damping_loss,0.4,run00419_seed004_sev040_Hs220_Tp830.csv,run00419_seed004_sev040_Hs220_Tp830_5hz.csv,20001,19001,9501,10,5,0.999997938959894,0.999998007595436,0.999998085310027,0.999997927547502,0.999999268392431,0.999999268392431
420,State5_Moderate,2.2,8.3,4,train,pto_damping_loss,0.2,run00420_seed004_sev020_Hs220_Tp830.csv,run00420_seed004_sev020_Hs220_Tp830_5hz.csv,20001,19001,9501,10,5,0.999997937177703,0.999997867809728,0.999998040469583,0.999997783984398,0.999999334769826,0.999999334769826
421,State5_Moderate,2.2,8.3,5,train,healthy,1,run00421_seed005_sev100_Hs220_Tp830.csv,run00421_seed005_sev100_Hs220_Tp830_5hz.csv,20001,19001,9501,10,5,0.999998842029979,0.999997958375264,0.999997352820397,0.999998495675264,0.999998686819628,0.999998686819628
422,State5_Moderate,2.2,8.3,5,train,pto_damping_loss,0.8,run00422_seed005_sev080_Hs220_Tp830.csv,run00422_seed005_sev080_Hs220_Tp830_5hz.csv,20001,19001,9501,10,5,0.999999076322715,0.999997898318136,0.999997693156768,0.999998460192892,0.999998738879618,0.999998738879618
423,State5_Moderate,2.2,8.3,5,train,pto_damping_loss,0.6,run00423_seed005_sev060_Hs220_Tp830.csv,run00423_seed005_sev060_Hs220_Tp830_5hz.csv,20001,19001,9501,10,5,0.999999206757573,0.999997823668591,0.99999836254587,0.999998413450926,0.999998814069242,0.999998814069242
424,State5_Moderate,2.2,8.3,5,train,pto_damping_loss,0.4,run00424_seed005_sev040_Hs220_Tp830.csv,run00424_seed005_sev040_Hs220_Tp830_5hz.csv,20001,19001,9501,10,5,0.999999236644422,0.999997735245081,0.999998877251873,0.999998372055518,0.999998914399125,0.999998914399126
425,State5_Moderate,2.2,8.3,5,train,pto_damping_loss,0.2,run00425_seed005_sev020_Hs220_Tp830.csv,run00425_seed005_sev020_Hs220_Tp830_5hz.csv,20001,19001,9501,10,5,0.999999248900011,0.999997624814967,0.99999912421959,0.999998323363156,0.999999053832033,0.999999053832033
426,State5_Moderate,2.2,8.3,6,train,healthy,1,run00426_seed006_sev100_Hs220_Tp830.csv,run00426_seed006_sev100_Hs220_Tp830_5hz.csv,20001,19001,9501,10,5,0.999999150152625,0.999997694106304,0.999998323656168,0.999998790246323,0.999997549217399,0.999997549217399
427,State5_Moderate,2.2,8.3,6,train,pto_damping_loss,0.8,run00427_seed006_sev080_Hs220_Tp830.csv,run00427_seed006_sev080_Hs220_Tp830_5hz.csv,20001,19001,9501,10,5,0.999999139744513,0.999997617525125,0.999998410358162,0.999998743444934,0.999997539143953,0.999997539143953
428,State5_Moderate,2.2,8.3,6,train,pto_damping_loss,0.6,run00428_seed006_sev060_Hs220_Tp830.csv,run00428_seed006_sev060_Hs220_Tp830_5hz.csv,20001,19001,9501,10,5,0.999999127452994,0.999997533849112,0.99999845902475,0.999998699626708,0.999997512457636,0.999997512457636
429,State5_Moderate,2.2,8.3,6,train,pto_damping_loss,0.4,run00429_seed006_sev040_Hs220_Tp830.csv,run00429_seed006_sev040_Hs220_Tp830_5hz.csv,20001,19001,9501,10,5,0.999999113076393,0.999997449349826,0.999998480291569,0.99999866635329,0.999997454472692,0.999997454472692
430,State5_Moderate,2.2,8.3,6,train,pto_damping_loss,0.2,run00430_seed006_sev020_Hs220_Tp830.csv,run00430_seed006_sev020_Hs220_Tp830_5hz.csv,20001,19001,9501,10,5,0.999999095680025,0.999997377506079,0.999998478404248,0.999998657772533,0.999997340989481,0.999997340989482
431,State5_Moderate,2.2,8.3,7,train,healthy,1,run00431_seed007_sev100_Hs220_Tp830.csv,run00431_seed007_sev100_Hs220_Tp830_5hz.csv,20001,19001,9501,10,5,0.999999088505462,0.999998474718611,0.999998879480324,0.999998838626236,0.999998354295632,0.999998354295632
432,State5_Moderate,2.2,8.3,7,train,pto_damping_loss,0.8,run00432_seed007_sev080_Hs220_Tp830.csv,run00432_seed007_sev080_Hs220_Tp830_5hz.csv,20001,19001,9501,10,5,0.99999904713458,0.999998437258567,0.999998777155096,0.999998798348738,0.99999837517265,0.99999837517265
433,State5_Moderate,2.2,8.3,7,train,pto_damping_loss,0.6,run00433_seed007_sev060_Hs220_Tp830.csv,run00433_seed007_sev060_Hs220_Tp830_5hz.csv,20001,19001,9501,10,5,0.999999018007266,0.99999839231637,0.999998652936051,0.99999875731206,0.999998401443793,0.999998401443793
434,State5_Moderate,2.2,8.3,7,train,pto_damping_loss,0.4,run00434_seed007_sev040_Hs220_Tp830.csv,run00434_seed007_sev040_Hs220_Tp830_5hz.csv,20001,19001,9501,10,5,0.999998998226948,0.999998339823957,0.999998512468547,0.999998718714896,0.999998438604451,0.999998438604451
435,State5_Moderate,2.2,8.3,7,train,pto_damping_loss,0.2,run00435_seed007_sev020_Hs220_Tp830.csv,run00435_seed007_sev020_Hs220_Tp830_5hz.csv,20001,19001,9501,10,5,0.999998987229453,0.999998282344289,0.999998356100485,0.999998687839855,0.999998498718678,0.999998498718677
436,State5_Moderate,2.2,8.3,8,train,healthy,1,run00436_seed008_sev100_Hs220_Tp830.csv,run00436_seed008_sev100_Hs220_Tp830_5hz.csv,20001,19001,9501,10,5,0.999997479498166,0.999997794147515,0.999999247446805,0.99999933979398,0.999999325183354,0.999999325183355
437,State5_Moderate,2.2,8.3,8,train,pto_damping_loss,0.8,run00437_seed008_sev080_Hs220_Tp830.csv,run00437_seed008_sev080_Hs220_Tp830_5hz.csv,20001,19001,9501,10,5,0.99999746896285,0.999997854190227,0.999999363727109,0.999999347724106,0.999999308580164,0.999999308580164
438,State5_Moderate,2.2,8.3,8,train,pto_damping_loss,0.6,run00438_seed008_sev060_Hs220_Tp830.csv,run00438_seed008_sev060_Hs220_Tp830_5hz.csv,20001,19001,9501,10,5,0.999997452040331,0.999997919302129,0.999999454774581,0.999999347256465,0.999999277601923,0.999999277601923
439,State5_Moderate,2.2,8.3,8,train,pto_damping_loss,0.4,run00439_seed008_sev040_Hs220_Tp830.csv,run00439_seed008_sev040_Hs220_Tp830_5hz.csv,20001,19001,9501,10,5,0.999997429640931,0.99999798910972,0.999999486691035,0.999999336087694,0.99999921921055,0.99999921921055
440,State5_Moderate,2.2,8.3,8,train,pto_damping_loss,0.2,run00440_seed008_sev020_Hs220_Tp830.csv,run00440_seed008_sev020_Hs220_Tp830_5hz.csv,20001,19001,9501,10,5,0.999997402168504,0.99999806387851,0.999999443146605,0.999999311159545,0.999999106928658,0.999999106928658
441,State5_Moderate,2.2,8.3,9,train,healthy,1,run00441_seed009_sev100_Hs220_Tp830.csv,run00441_seed009_sev100_Hs220_Tp830_5hz.csv,20001,19001,9501,10,5,0.999998398799727,0.999998330933292,0.999999278160431,0.99999914459431,0.999998063147629,0.999998063147629
442,State5_Moderate,2.2,8.3,9,train,pto_damping_loss,0.8,run00442_seed009_sev080_Hs220_Tp830.csv,run00442_seed009_sev080_Hs220_Tp830_5hz.csv,20001,19001,9501,10,5,0.999998253395639,0.999998392257613,0.999998935718121,0.999999176452512,0.999997999511612,0.999997999511612
443,State5_Moderate,2.2,8.3,9,train,pto_damping_loss,0.6,run00443_seed009_sev060_Hs220_Tp830.csv,run00443_seed009_sev060_Hs220_Tp830_5hz.csv,20001,19001,9501,10,5,0.999998166886814,0.999998455337916,0.999998594011073,0.999999195966476,0.999997929471231,0.999997929471231
444,State5_Moderate,2.2,8.3,9,train,pto_damping_loss,0.4,run00444_seed009_sev040_Hs220_Tp830.csv,run00444_seed009_sev040_Hs220_Tp830_5hz.csv,20001,19001,9501,10,5,0.999998108198168,0.999998517344163,0.99999835075394,0.999999200565761,0.999997849134528,0.999997849134528
445,State5_Moderate,2.2,8.3,9,train,pto_damping_loss,0.2,run00445_seed009_sev020_Hs220_Tp830.csv,run00445_seed009_sev020_Hs220_Tp830_5hz.csv,20001,19001,9501,10,5,0.999998055330374,0.999998577056175,0.999998160169345,0.999999188843293,0.999997746045376,0.999997746045376
446,State5_Moderate,2.2,8.3,10,train,healthy,1,run00446_seed010_sev100_Hs220_Tp830.csv,run00446_seed010_sev100_Hs220_Tp830_5hz.csv,20001,19001,9501,10,5,0.999998541018879,0.999998601670368,0.999998685813192,0.99999813794763,0.999998887865915,0.999998887865915
447,State5_Moderate,2.2,8.3,10,train,pto_damping_loss,0.8,run00447_seed010_sev080_Hs220_Tp830.csv,run00447_seed010_sev080_Hs220_Tp830_5hz.csv,20001,19001,9501,10,5,0.999998413934947,0.99999862215667,0.99999897060699,0.999998150407202,0.999998822727779,0.999998822727779
448,State5_Moderate,2.2,8.3,10,train,pto_damping_loss,0.6,run00448_seed010_sev060_Hs220_Tp830.csv,run00448_seed010_sev060_Hs220_Tp830_5hz.csv,20001,19001,9501,10,5,0.999998340369325,0.999998638046894,0.999999023245567,0.9999981558365,0.99999874629559,0.99999874629559
449,State5_Moderate,2.2,8.3,10,train,pto_damping_loss,0.4,run00449_seed010_sev040_Hs220_Tp830.csv,run00449_seed010_sev040_Hs220_Tp830_5hz.csv,20001,19001,9501,10,5,0.999998304134059,0.999998649814757,0.99999900173923,0.999998152034443,0.999998649314523,0.999998649314523
450,State5_Moderate,2.2,8.3,10,train,pto_damping_loss,0.2,run00450_seed010_sev020_Hs220_Tp830.csv,run00450_seed010_sev020_Hs220_Tp830_5hz.csv,20001,19001,9501,10,5,0.99999829349934,0.999998658104817,0.999998993094348,0.999998131993622,0.999998519392879,0.999998519392878
451,State5_Moderate,2.2,8.3,11,train,healthy,1,run00451_seed011_sev100_Hs220_Tp830.csv,run00451_seed011_sev100_Hs220_Tp830_5hz.csv,20001,19001,9501,10,5,0.999996743026447,0.999997732251211,0.999996935731008,0.999998981218934,0.999998260934591,0.99999826093459
452,State5_Moderate,2.2,8.3,11,train,pto_damping_loss,0.8,run00452_seed011_sev080_Hs220_Tp830.csv,run00452_seed011_sev080_Hs220_Tp830_5hz.csv,20001,19001,9501,10,5,0.999997001565996,0.999997839263004,0.999997654109802,0.999999064400044,0.999998264972986,0.999998264972986
453,State5_Moderate,2.2,8.3,11,train,pto_damping_loss,0.6,run00453_seed011_sev060_Hs220_Tp830.csv,run00453_seed011_sev060_Hs220_Tp830_5hz.csv,20001,19001,9501,10,5,0.999997057977852,0.999997955204299,0.999997867217317,0.999999132891603,0.999998287630203,0.999998287630204
454,State5_Moderate,2.2,8.3,11,train,pto_damping_loss,0.4,run00454_seed011_sev040_Hs220_Tp830.csv,run00454_seed011_sev040_Hs220_Tp830_5hz.csv,20001,19001,9501,10,5,0.999997060186754,0.999998079287379,0.999997585789777,0.99999918412519,0.999998322724242,0.999998322724242
455,State5_Moderate,2.2,8.3,11,train,pto_damping_loss,0.2,run00455_seed011_sev020_Hs220_Tp830.csv,run00455_seed011_sev020_Hs220_Tp830_5hz.csv,20001,19001,9501,10,5,0.999997110779017,0.999998201440526,0.99999748948879,0.999999190143776,0.999998354964787,0.999998354964787
456,State5_Moderate,2.2,8.3,12,train,healthy,1,run00456_seed012_sev100_Hs220_Tp830.csv,run00456_seed012_sev100_Hs220_Tp830_5hz.csv,20001,19001,9501,10,5,0.99999560282196,0.999998235009184,0.999997155429209,0.999998232206506,0.999995721363185,0.999995721363185
457,State5_Moderate,2.2,8.3,12,train,pto_damping_loss,0.8,run00457_seed012_sev080_Hs220_Tp830.csv,run00457_seed012_sev080_Hs220_Tp830_5hz.csv,20001,19001,9501,10,5,0.999995567277856,0.999998407135483,0.999997071779906,0.999998268665279,0.999995842069589,0.999995842069589
458,State5_Moderate,2.2,8.3,12,train,pto_damping_loss,0.6,run00458_seed012_sev060_Hs220_Tp830.csv,run00458_seed012_sev060_Hs220_Tp830_5hz.csv,20001,19001,9501,10,5,0.999995529664797,0.999998588442405,0.999996964800418,0.9999982846513,0.999996018159189,0.999996018159189
459,State5_Moderate,2.2,8.3,12,train,pto_damping_loss,0.4,run00459_seed012_sev040_Hs220_Tp830.csv,run00459_seed012_sev040_Hs220_Tp830_5hz.csv,20001,19001,9501,10,5,0.999995492189964,0.999998773168263,0.999996845036328,0.999998271626764,0.999996272880706,0.999996272880707
460,State5_Moderate,2.2,8.3,12,train,pto_damping_loss,0.2,run00460_seed012_sev020_Hs220_Tp830.csv,run00460_seed012_sev020_Hs220_Tp830_5hz.csv,20001,19001,9501,10,5,0.99999546414541,0.999998953085439,0.999996740979254,0.999998223664973,0.999996639155618,0.999996639155618
461,State5_Moderate,2.2,8.3,13,validation,healthy,1,run00461_seed013_sev100_Hs220_Tp830.csv,run00461_seed013_sev100_Hs220_Tp830_5hz.csv,20001,19001,9501,10,5,0.999998318200234,0.999997747199698,0.999996921916358,0.99999910447129,0.999997610241423,0.999997610241423
462,State5_Moderate,2.2,8.3,13,validation,pto_damping_loss,0.8,run00462_seed013_sev080_Hs220_Tp830.csv,run00462_seed013_sev080_Hs220_Tp830_5hz.csv,20001,19001,9501,10,5,0.999998401123004,0.999997701267061,0.9999971426916,0.999999109468382,0.999997535321807,0.999997535321807
463,State5_Moderate,2.2,8.3,13,validation,pto_damping_loss,0.6,run00463_seed013_sev060_Hs220_Tp830.csv,run00463_seed013_sev060_Hs220_Tp830_5hz.csv,20001,19001,9501,10,5,0.999998464371462,0.999997656724761,0.999997370190705,0.999999114200571,0.999997437412729,0.999997437412729
464,State5_Moderate,2.2,8.3,13,validation,pto_damping_loss,0.4,run00464_seed013_sev040_Hs220_Tp830.csv,run00464_seed013_sev040_Hs220_Tp830_5hz.csv,20001,19001,9501,10,5,0.999998515493956,0.999997617948061,0.999997614311527,0.999999121687355,0.999997300489155,0.999997300489155
465,State5_Moderate,2.2,8.3,13,validation,pto_damping_loss,0.2,run00465_seed013_sev020_Hs220_Tp830.csv,run00465_seed013_sev020_Hs220_Tp830_5hz.csv,20001,19001,9501,10,5,0.999998560876926,0.999997593614963,0.99999788987387,0.999999137448555,0.999997093415829,0.999997093415829
466,State5_Moderate,2.2,8.3,14,validation,healthy,1,run00466_seed014_sev100_Hs220_Tp830.csv,run00466_seed014_sev100_Hs220_Tp830_5hz.csv,20001,19001,9501,10,5,0.999997169035564,0.999997751566553,0.999998492643923,0.99999773861344,0.999997784243664,0.999997784243664
467,State5_Moderate,2.2,8.3,14,validation,pto_damping_loss,0.8,run00467_seed014_sev080_Hs220_Tp830.csv,run00467_seed014_sev080_Hs220_Tp830_5hz.csv,20001,19001,9501,10,5,0.999997114217827,0.999997839352094,0.999998554494433,0.999997787946101,0.99999786971005,0.99999786971005
468,State5_Moderate,2.2,8.3,14,validation,pto_damping_loss,0.6,run00468_seed014_sev060_Hs220_Tp830.csv,run00468_seed014_sev060_Hs220_Tp830_5hz.csv,20001,19001,9501,10,5,0.999997062336203,0.999997933832115,0.999998534910463,0.999997822461985,0.999997994575558,0.999997994575558
469,State5_Moderate,2.2,8.3,14,validation,pto_damping_loss,0.4,run00469_seed014_sev040_Hs220_Tp830.csv,run00469_seed014_sev040_Hs220_Tp830_5hz.csv,20001,19001,9501,10,5,0.9999970185305,0.999998030985912,0.999998457561393,0.999997832286498,0.999998170176007,0.999998170176006
470,State5_Moderate,2.2,8.3,14,validation,pto_damping_loss,0.2,run00470_seed014_sev020_Hs220_Tp830.csv,run00470_seed014_sev020_Hs220_Tp830_5hz.csv,20001,19001,9501,10,5,0.999996982952378,0.99999812332024,0.999998354596243,0.99999780453205,0.999998404241194,0.999998404241195
471,State5_Moderate,2.2,8.3,15,validation,healthy,1,run00471_seed015_sev100_Hs220_Tp830.csv,run00471_seed015_sev100_Hs220_Tp830_5hz.csv,20001,19001,9501,10,5,0.999997798908676,0.999998320793439,0.999998132675503,0.99999924577591,0.999995765239512,0.999995765239511
472,State5_Moderate,2.2,8.3,15,validation,pto_damping_loss,0.8,run00472_seed015_sev080_Hs220_Tp830.csv,run00472_seed015_sev080_Hs220_Tp830_5hz.csv,20001,19001,9501,10,5,0.999997758920129,0.999998329761302,0.999998314580801,0.999999271726883,0.999995750640944,0.999995750640944
473,State5_Moderate,2.2,8.3,15,validation,pto_damping_loss,0.6,run00473_seed015_sev060_Hs220_Tp830.csv,run00473_seed015_sev060_Hs220_Tp830_5hz.csv,20001,19001,9501,10,5,0.999997687161442,0.99999833165002,0.999998146210472,0.999999280746543,0.999995776345466,0.999995776345467
474,State5_Moderate,2.2,8.3,15,validation,pto_damping_loss,0.4,run00474_seed015_sev040_Hs220_Tp830.csv,run00474_seed015_sev040_Hs220_Tp830_5hz.csv,20001,19001,9501,10,5,0.999997624254555,0.999998324962357,0.999997750466098,0.999999266517983,0.999995877579912,0.999995877579912
475,State5_Moderate,2.2,8.3,15,validation,pto_damping_loss,0.2,run00475_seed015_sev020_Hs220_Tp830.csv,run00475_seed015_sev020_Hs220_Tp830_5hz.csv,20001,19001,9501,10,5,0.99999758844358,0.999998306991708,0.999997378433446,0.999999216316879,0.999996125092582,0.999996125092582
476,State5_Moderate,2.2,8.3,16,validation,healthy,1,run00476_seed016_sev100_Hs220_Tp830.csv,run00476_seed016_sev100_Hs220_Tp830_5hz.csv,20001,19001,9501,10,5,0.999998546650419,0.999998546955192,0.99999901272733,0.999999623364432,0.999997891137721,0.999997891137721
477,State5_Moderate,2.2,8.3,16,validation,pto_damping_loss,0.8,run00477_seed016_sev080_Hs220_Tp830.csv,run00477_seed016_sev080_Hs220_Tp830_5hz.csv,20001,19001,9501,10,5,0.999998468704932,0.999998620596006,0.999998968380144,0.999999577892458,0.999997918272169,0.99999791827217
478,State5_Moderate,2.2,8.3,16,validation,pto_damping_loss,0.6,run00478_seed016_sev060_Hs220_Tp830.csv,run00478_seed016_sev060_Hs220_Tp830_5hz.csv,20001,19001,9501,10,5,0.999998422685668,0.999998703349372,0.999999010160126,0.999999523280138,0.999997956959278,0.999997956959279
479,State5_Moderate,2.2,8.3,16,validation,pto_damping_loss,0.4,run00479_seed016_sev040_Hs220_Tp830.csv,run00479_seed016_sev040_Hs220_Tp830_5hz.csv,20001,19001,9501,10,5,0.999998383175968,0.999998798854409,0.999999038909226,0.999999461727079,0.999998005206297,0.999998005206297
480,State5_Moderate,2.2,8.3,16,validation,pto_damping_loss,0.2,run00480_seed016_sev020_Hs220_Tp830.csv,run00480_seed016_sev020_Hs220_Tp830_5hz.csv,20001,19001,9501,10,5,0.999998337653138,0.999998914977765,0.999999019383586,0.999999396675264,0.999998062303882,0.999998062303883
481,State5_Moderate,2.2,8.3,17,test,healthy,1,run00481_seed017_sev100_Hs220_Tp830.csv,run00481_seed017_sev100_Hs220_Tp830_5hz.csv,20001,19001,9501,10,5,0.999997461584853,0.999997977601822,0.999997657493869,0.999998783497345,0.99999817273912,0.999998172739121
482,State5_Moderate,2.2,8.3,17,test,pto_damping_loss,0.8,run00482_seed017_sev080_Hs220_Tp830.csv,run00482_seed017_sev080_Hs220_Tp830_5hz.csv,20001,19001,9501,10,5,0.999997432313572,0.99999798587853,0.99999736173936,0.999998801452339,0.999998177807453,0.999998177807453
483,State5_Moderate,2.2,8.3,17,test,pto_damping_loss,0.6,run00483_seed017_sev060_Hs220_Tp830.csv,run00483_seed017_sev060_Hs220_Tp830_5hz.csv,20001,19001,9501,10,5,0.999997427817911,0.999998001110507,0.99999722558736,0.999998824624258,0.999998182768547,0.999998182768547
484,State5_Moderate,2.2,8.3,17,test,pto_damping_loss,0.4,run00484_seed017_sev040_Hs220_Tp830.csv,run00484_seed017_sev040_Hs220_Tp830_5hz.csv,20001,19001,9501,10,5,0.999997443156921,0.999998029706801,0.999997212389749,0.999998855907289,0.999998183390718,0.999998183390717
485,State5_Moderate,2.2,8.3,17,test,pto_damping_loss,0.2,run00485_seed017_sev020_Hs220_Tp830.csv,run00485_seed017_sev020_Hs220_Tp830_5hz.csv,20001,19001,9501,10,5,0.999997476380215,0.999998082255563,0.999997299623801,0.999998900976678,0.999998167274115,0.999998167274115
486,State5_Moderate,2.2,8.3,18,test,healthy,1,run00486_seed018_sev100_Hs220_Tp830.csv,run00486_seed018_sev100_Hs220_Tp830_5hz.csv,20001,19001,9501,10,5,0.99999657244207,0.999998299338713,0.999997268491828,0.999998753854222,0.999998172320797,0.999998172320797
487,State5_Moderate,2.2,8.3,18,test,pto_damping_loss,0.8,run00487_seed018_sev080_Hs220_Tp830.csv,run00487_seed018_sev080_Hs220_Tp830_5hz.csv,20001,19001,9501,10,5,0.999996935153824,0.999998356681419,0.999997252623233,0.99999874514278,0.999998106270729,0.999998106270729
488,State5_Moderate,2.2,8.3,18,test,pto_damping_loss,0.6,run00488_seed018_sev060_Hs220_Tp830.csv,run00488_seed018_sev060_Hs220_Tp830_5hz.csv,20001,19001,9501,10,5,0.999997233798922,0.999998414639956,0.999997630101317,0.999998756512829,0.999998048696361,0.999998048696361
489,State5_Moderate,2.2,8.3,18,test,pto_damping_loss,0.4,run00489_seed018_sev040_Hs220_Tp830.csv,run00489_seed018_sev040_Hs220_Tp830_5hz.csv,20001,19001,9501,10,5,0.999997351104705,0.999998464954231,0.999998071448467,0.999998747624238,0.99999801168424,0.999998011684241
490,State5_Moderate,2.2,8.3,18,test,pto_damping_loss,0.2,run00490_seed018_sev020_Hs220_Tp830.csv,run00490_seed018_sev020_Hs220_Tp830_5hz.csv,20001,19001,9501,10,5,0.999997354612465,0.9999984906464,0.999998224997947,0.999998682856064,0.999998014514715,0.999998014514715
491,State5_Moderate,2.2,8.3,19,test,healthy,1,run00491_seed019_sev100_Hs220_Tp830.csv,run00491_seed019_sev100_Hs220_Tp830_5hz.csv,20001,19001,9501,10,5,0.999997359010413,0.999997189724638,0.999998370701966,0.999998454238937,0.999998412508226,0.999998412508226
492,State5_Moderate,2.2,8.3,19,test,pto_damping_loss,0.8,run00492_seed019_sev080_Hs220_Tp830.csv,run00492_seed019_sev080_Hs220_Tp830_5hz.csv,20001,19001,9501,10,5,0.999997290353737,0.99999730156966,0.999998213789863,0.999998508836515,0.999998358717001,0.999998358717002
493,State5_Moderate,2.2,8.3,19,test,pto_damping_loss,0.6,run00493_seed019_sev060_Hs220_Tp830.csv,run00493_seed019_sev060_Hs220_Tp830_5hz.csv,20001,19001,9501,10,5,0.999997216298439,0.999997435236614,0.99999803495221,0.999998572164979,0.999998311371183,0.999998311371183
494,State5_Moderate,2.2,8.3,19,test,pto_damping_loss,0.4,run00494_seed019_sev040_Hs220_Tp830.csv,run00494_seed019_sev040_Hs220_Tp830_5hz.csv,20001,19001,9501,10,5,0.999997138522592,0.999997589034141,0.999997892968871,0.999998641100776,0.999998279374815,0.999998279374815
495,State5_Moderate,2.2,8.3,19,test,pto_damping_loss,0.2,run00495_seed019_sev020_Hs220_Tp830.csv,run00495_seed019_sev020_Hs220_Tp830_5hz.csv,20001,19001,9501,10,5,0.999997052677211,0.999997754959274,0.999997789147117,0.99999871190405,0.999998280617983,0.999998280617983
496,State5_Moderate,2.2,8.3,20,test,healthy,1,run00496_seed020_sev100_Hs220_Tp830.csv,run00496_seed020_sev100_Hs220_Tp830_5hz.csv,20001,19001,9501,10,5,0.999997818437584,0.999997306113021,0.999998240586499,0.999997366660489,0.999998486084474,0.999998486084474
497,State5_Moderate,2.2,8.3,20,test,pto_damping_loss,0.8,run00497_seed020_sev080_Hs220_Tp830.csv,run00497_seed020_sev080_Hs220_Tp830_5hz.csv,20001,19001,9501,10,5,0.999997775494971,0.999997285714738,0.999997882428167,0.999997411567365,0.999998412593991,0.999998412593991
498,State5_Moderate,2.2,8.3,20,test,pto_damping_loss,0.6,run00498_seed020_sev060_Hs220_Tp830.csv,run00498_seed020_sev060_Hs220_Tp830_5hz.csv,20001,19001,9501,10,5,0.99999774622341,0.999997273123107,0.99999757656632,0.99999746842016,0.999998332398927,0.999998332398927
499,State5_Moderate,2.2,8.3,20,test,pto_damping_loss,0.4,run00499_seed020_sev040_Hs220_Tp830.csv,run00499_seed020_sev040_Hs220_Tp830_5hz.csv,20001,19001,9501,10,5,0.999997732253923,0.999997273131881,0.999997400400646,0.999997538435943,0.999998246051285,0.999998246051285
500,State5_Moderate,2.2,8.3,20,test,pto_damping_loss,0.2,run00500_seed020_sev020_Hs220_Tp830.csv,run00500_seed020_sev020_Hs220_Tp830_5hz.csv,20001,19001,9501,10,5,0.999997736867311,0.999997292803449,0.999997364851708,0.999997622276693,0.999998157496745,0.999998157496745
